text,intent,service,response,guide,entities
je n'ai plus d'eau,signaler_coupure,Technique,Votre demande est prise en compte.,,
Pas d'eau depuis hier à Lomé,signaler_coupure,Technique,Information reçue.,,lieu=Lomé
Pas d'eau depuis hier svp,signaler_coupure,Technique,Information reçue.,,
Pas d'eau depuis hier à Aného,signaler_coupure,Technique,Votre demande est prise en compte.,,lieu=Aného
Pas d'eau depuis hier,signaler_coupure,Technique,Votre demande est prise en compte.,,
je n'ai plus d'eau,signaler_coupure,Technique,Nous allons vous aider.,,
Hmmm Pas d'eau depuis hier,signaler_coupure,Technique,Information reçue.,,
pas d'eau depuis hier,signaler_coupure,Technique,Merci pour votre message.,,
Plus d'eau chez moi,signaler_coupure,Technique,Merci pour votre message.,,
Pas d'eau depuis hier à Tsévié,signaler_coupure,Technique,Merci pour votre message.,,lieu=Tsévié
Je n'ai plus d'eau,signaler_coupure,Technique,Information reçue.,,
pas d'eau depuis hier,signaler_coupure,Technique,Merci pour votre message.,,
Hmmm Pas d'eau depuis hier,signaler_coupure,Technique,Votre demande est prise en compte.,,
Hmmm Pas d'eau depuis hier,signaler_coupure,Technique,Information reçue.,,
Hmmm Pas d'eau depuis hier,signaler_coupure,Technique,Information reçue.,,
Hmmm Plus d'eau chez moi,signaler_coupure,Technique,Information reçue.,,
Pas d'eau depuis hier,signaler_coupure,Technique,Merci pour votre message.,,
Pas d'eau depuis hier,signaler_coupure,Technique,Nous allons vous aider.,,
Je n'ai plus d'eau,signaler_coupure,Technique,Nous allons vous aider.,,
Pas d'eau depuis hier svp,signaler_coupure,Technique,Merci pour votre message.,,
Je n'ai plus d'eau svp,signaler_coupure,Technique,Nous allons vous aider.,,
Plus d'eau chez moi svp,signaler_coupure,Technique,Information reçue.,,
je n'ai plus d'eau,signaler_coupure,Technique,Information reçue.,,
Plus d'eau chez moi,signaler_coupure,Technique,Information reçue.,,
Plus d'eau chez moi à Agoè,signaler_coupure,Technique,Merci pour votre message.,,lieu=Agoè
Plus d'eau chez moi à Lomé,signaler_coupure,Technique,Merci pour votre message.,,lieu=Lomé
je n'ai plus d'eau,signaler_coupure,Technique,Information reçue.,,
Pas d'eau depuis hier à Tsévié,signaler_coupure,Technique,Nous allons vous aider.,,lieu=Tsévié
Hmmm Je n'ai plus d'eau,signaler_coupure,Technique,Votre demande est prise en compte.,,
Hmmm Plus d'eau chez moi,signaler_coupure,Technique,Votre demande est prise en compte.,,
Je n'ai plus d'eau svp,signaler_coupure,Technique,Merci pour votre message.,,
Plus d'eau chez moi,signaler_coupure,Technique,Merci pour votre message.,,
je n'ai plus d'eau,signaler_coupure,Technique,Information reçue.,,
Hmmm Je n'ai plus d'eau,signaler_coupure,Technique,Nous allons vous aider.,,
Hmmm Pas d'eau depuis hier,signaler_coupure,Technique,Merci pour votre message.,,
Pas d'eau depuis hier,signaler_coupure,Technique,Nous allons vous aider.,,
je n'ai plus d'eau,signaler_coupure,Technique,Merci pour votre message.,,
Hmmm Je n'ai plus d'eau,signaler_coupure,Technique,Merci pour votre message.,,
Plus d'eau chez moi,signaler_coupure,Technique,Votre demande est prise en compte.,,
Plus d'eau chez moi,signaler_coupure,Technique,Information reçue.,,
plus d'eau chez moi,signaler_coupure,Technique,Votre demande est prise en compte.,,
Hmmm Plus d'eau chez moi,signaler_coupure,Technique,Information reçue.,,
plus d'eau chez moi,signaler_coupure,Technique,Information reçue.,,
je n'ai plus d'eau,signaler_coupure,Technique,Information reçue.,,
Je n'ai plus d'eau svp,signaler_coupure,Technique,Nous allons vous aider.,,
Pas d'eau depuis hier à Aného,signaler_coupure,Technique,Nous allons vous aider.,,lieu=Aného
Pas d'eau depuis hier svp,signaler_coupure,Technique,Information reçue.,,
Hmmm Pas d'eau depuis hier,signaler_coupure,Technique,Merci pour votre message.,,
Hmmm Je n'ai plus d'eau,signaler_coupure,Technique,Merci pour votre message.,,
Hmmm Plus d'eau chez moi,signaler_coupure,Technique,Nous allons vous aider.,,
Hmmm Je n'ai plus d'eau,signaler_coupure,Technique,Information reçue.,,
pas d'eau depuis hier,signaler_coupure,Technique,Nous allons vous aider.,,
je n'ai plus d'eau,signaler_coupure,Technique,Nous allons vous aider.,,
Pas d'eau depuis hier,signaler_coupure,Technique,Nous allons vous aider.,,
Hmmm Plus d'eau chez moi,signaler_coupure,Technique,Merci pour votre message.,,
Pas d'eau depuis hier svp,signaler_coupure,Technique,Nous allons vous aider.,,
Pas d'eau depuis hier,signaler_coupure,Technique,Nous allons vous aider.,,
pas d'eau depuis hier,signaler_coupure,Technique,Nous allons vous aider.,,
pas d'eau depuis hier,signaler_coupure,Technique,Merci pour votre message.,,
Hmmm Pas d'eau depuis hier,signaler_coupure,Technique,Votre demande est prise en compte.,,
Hmmm Plus d'eau chez moi,signaler_coupure,Technique,Votre demande est prise en compte.,,
Hmmm Plus d'eau chez moi,signaler_coupure,Technique,Information reçue.,,
Pas d'eau depuis hier,signaler_coupure,Technique,Information reçue.,,
Plus d'eau chez moi à Tsévié,signaler_coupure,Technique,Merci pour votre message.,,lieu=Tsévié
Plus d'eau chez moi svp,signaler_coupure,Technique,Merci pour votre message.,,
Pas d'eau depuis hier svp,signaler_coupure,Technique,Information reçue.,,
je n'ai plus d'eau,signaler_coupure,Technique,Merci pour votre message.,,
Je n'ai plus d'eau svp,signaler_coupure,Technique,Information reçue.,,
Je n'ai plus d'eau à Lomé,signaler_coupure,Technique,Votre demande est prise en compte.,,lieu=Lomé
Plus d'eau chez moi svp,signaler_coupure,Technique,Information reçue.,,
Hmmm Canalisation cassée,signaler_fuite,Technique,Nous allons vous aider.,,
Hmmm Canalisation cassée,signaler_fuite,Technique,Merci pour votre message.,,
Hmmm Fuite devant maison,signaler_fuite,Technique,Merci pour votre message.,,
Canalisation cassée,signaler_fuite,Technique,Merci pour votre message.,,
Hmmm Fuite devant maison,signaler_fuite,Technique,Nous allons vous aider.,,
Fuite devant maison svp,signaler_fuite,Technique,Nous allons vous aider.,,
canalisation cassée,signaler_fuite,Technique,Votre demande est prise en compte.,,
Il y a une fuite,signaler_fuite,Technique,Merci pour votre message.,,
Fuite devant maison svp,signaler_fuite,Technique,Votre demande est prise en compte.,,
canalisation cassée,signaler_fuite,Technique,Merci pour votre message.,,
Hmmm Canalisation cassée,signaler_fuite,Technique,Merci pour votre message.,,
Il y a une fuite svp,signaler_fuite,Technique,Information reçue.,,
canalisation cassée,signaler_fuite,Technique,Votre demande est prise en compte.,,
Canalisation cassée svp,signaler_fuite,Technique,Information reçue.,,
Hmmm Canalisation cassée,signaler_fuite,Technique,Information reçue.,,
Il y a une fuite,signaler_fuite,Technique,Information reçue.,,
Canalisation cassée à Adidogomé,signaler_fuite,Technique,Votre demande est prise en compte.,,lieu=Adidogomé
Hmmm Canalisation cassée,signaler_fuite,Technique,Nous allons vous aider.,,
canalisation cassée,signaler_fuite,Technique,Merci pour votre message.,,
Fuite devant maison à Lomé,signaler_fuite,Technique,Information reçue.,,lieu=Lomé
il y a une fuite,signaler_fuite,Technique,Votre demande est prise en compte.,,
Hmmm Canalisation cassée,signaler_fuite,Technique,Merci pour votre message.,,
Hmmm Il y a une fuite,signaler_fuite,Technique,Votre demande est prise en compte.,,
Fuite devant maison à Agoè,signaler_fuite,Technique,Votre demande est prise en compte.,,lieu=Agoè
Hmmm Fuite devant maison,signaler_fuite,Technique,Votre demande est prise en compte.,,
Canalisation cassée à Agoè,signaler_fuite,Technique,Information reçue.,,lieu=Agoè
Il y a une fuite svp,signaler_fuite,Technique,Votre demande est prise en compte.,,
Canalisation cassée,signaler_fuite,Technique,Merci pour votre message.,,
Il y a une fuite à Tsévié,signaler_fuite,Technique,Nous allons vous aider.,,lieu=Tsévié
Hmmm Canalisation cassée,signaler_fuite,Technique,Nous allons vous aider.,,
canalisation cassée,signaler_fuite,Technique,Information reçue.,,
Il y a une fuite svp,signaler_fuite,Technique,Votre demande est prise en compte.,,
Fuite devant maison à Agoè,signaler_fuite,Technique,Nous allons vous aider.,,lieu=Agoè
Fuite devant maison svp,signaler_fuite,Technique,Merci pour votre message.,,
Hmmm Canalisation cassée,signaler_fuite,Technique,Votre demande est prise en compte.,,
fuite devant maison,signaler_fuite,Technique,Nous allons vous aider.,,
Hmmm Il y a une fuite,signaler_fuite,Technique,Nous allons vous aider.,,
il y a une fuite,signaler_fuite,Technique,Votre demande est prise en compte.,,
il y a une fuite,signaler_fuite,Technique,Information reçue.,,
Hmmm Fuite devant maison,signaler_fuite,Technique,Merci pour votre message.,,
Fuite devant maison svp,signaler_fuite,Technique,Merci pour votre message.,,
fuite devant maison,signaler_fuite,Technique,Information reçue.,,
Il y a une fuite à Lomé,signaler_fuite,Technique,Votre demande est prise en compte.,,lieu=Lomé
Hmmm Fuite devant maison,signaler_fuite,Technique,Nous allons vous aider.,,
Canalisation cassée à Agoè,signaler_fuite,Technique,Nous allons vous aider.,,lieu=Agoè
canalisation cassée,signaler_fuite,Technique,Information reçue.,,
Canalisation cassée à Adidogomé,signaler_fuite,Technique,Merci pour votre message.,,lieu=Adidogomé
Fuite devant maison svp,signaler_fuite,Technique,Merci pour votre message.,,
Canalisation cassée à Adidogomé,signaler_fuite,Technique,Merci pour votre message.,,lieu=Adidogomé
Canalisation cassée,signaler_fuite,Technique,Merci pour votre message.,,
Fuite devant maison à Agoè,signaler_fuite,Technique,Nous allons vous aider.,,lieu=Agoè
il y a une fuite,signaler_fuite,Technique,Information reçue.,,
Canalisation cassée svp,signaler_fuite,Technique,Nous allons vous aider.,,
Canalisation cassée à Kegue,signaler_fuite,Technique,Votre demande est prise en compte.,,lieu=Kegue
Fuite devant maison,signaler_fuite,Technique,Information reçue.,,
Canalisation cassée à Agoè,signaler_fuite,Technique,Votre demande est prise en compte.,,lieu=Agoè
Hmmm Canalisation cassée,signaler_fuite,Technique,Nous allons vous aider.,,
fuite devant maison,signaler_fuite,Technique,Nous allons vous aider.,,
Hmmm Il y a une fuite,signaler_fuite,Technique,Nous allons vous aider.,,
Canalisation cassée à Adidogomé,signaler_fuite,Technique,Information reçue.,,lieu=Adidogomé
Canalisation cassée svp,signaler_fuite,Technique,Information reçue.,,
Canalisation cassée à Adidogomé,signaler_fuite,Technique,Votre demande est prise en compte.,,lieu=Adidogomé
Hmmm Fuite devant maison,signaler_fuite,Technique,Nous allons vous aider.,,
Canalisation cassée à Tsévié,signaler_fuite,Technique,Nous allons vous aider.,,lieu=Tsévié
Il y a une fuite à Adidogomé,signaler_fuite,Technique,Information reçue.,,lieu=Adidogomé
Il y a une fuite svp,signaler_fuite,Technique,Merci pour votre message.,,
il y a une fuite,signaler_fuite,Technique,Votre demande est prise en compte.,,
Canalisation cassée svp,signaler_fuite,Technique,Merci pour votre message.,,
Hmmm Fuite devant maison,signaler_fuite,Technique,Votre demande est prise en compte.,,
Fuite devant maison svp,signaler_fuite,Technique,Nous allons vous aider.,,
Pression faible svp,signaler_basse_pression,Technique,Nous allons vous aider.,,
Hmmm L'eau coule lentement,signaler_basse_pression,Technique,Nous allons vous aider.,,
L'eau coule lentement à Adidogomé,signaler_basse_pression,Technique,Information reçue.,,lieu=Adidogomé
Faible pression eau svp,signaler_basse_pression,Technique,Merci pour votre message.,,
Pression faible à Aného,signaler_basse_pression,Technique,Merci pour votre message.,,lieu=Aného
Hmmm Pression faible,signaler_basse_pression,Technique,Nous allons vous aider.,,
pression faible,signaler_basse_pression,Technique,Merci pour votre message.,,
L'eau coule lentement svp,signaler_basse_pression,Technique,Votre demande est prise en compte.,,
Faible pression eau svp,signaler_basse_pression,Technique,Information reçue.,,
Pression faible svp,signaler_basse_pression,Technique,Merci pour votre message.,,
l'eau coule lentement,signaler_basse_pression,Technique,Merci pour votre message.,,
Pression faible,signaler_basse_pression,Technique,Nous allons vous aider.,,
faible pression eau,signaler_basse_pression,Technique,Nous allons vous aider.,,
Pression faible à Agoè,signaler_basse_pression,Technique,Nous allons vous aider.,,lieu=Agoè
Faible pression eau,signaler_basse_pression,Technique,Nous allons vous aider.,,
Faible pression eau svp,signaler_basse_pression,Technique,Merci pour votre message.,,
L'eau coule lentement svp,signaler_basse_pression,Technique,Merci pour votre message.,,
Faible pression eau à Tsévié,signaler_basse_pression,Technique,Information reçue.,,lieu=Tsévié
Faible pression eau svp,signaler_basse_pression,Technique,Nous allons vous aider.,,
Faible pression eau svp,signaler_basse_pression,Technique,Nous allons vous aider.,,
Faible pression eau,signaler_basse_pression,Technique,Nous allons vous aider.,,
L'eau coule lentement à Agoè,signaler_basse_pression,Technique,Votre demande est prise en compte.,,lieu=Agoè
L'eau coule lentement à Agoè,signaler_basse_pression,Technique,Nous allons vous aider.,,lieu=Agoè
Pression faible à Lomé,signaler_basse_pression,Technique,Votre demande est prise en compte.,,lieu=Lomé
Faible pression eau svp,signaler_basse_pression,Technique,Votre demande est prise en compte.,,
pression faible,signaler_basse_pression,Technique,Nous allons vous aider.,,
Hmmm Pression faible,signaler_basse_pression,Technique,Nous allons vous aider.,,
Pression faible à Tsévié,signaler_basse_pression,Technique,Nous allons vous aider.,,lieu=Tsévié
Hmmm Faible pression eau,signaler_basse_pression,Technique,Merci pour votre message.,,
Hmmm Pression faible,signaler_basse_pression,Technique,Merci pour votre message.,,
Faible pression eau,signaler_basse_pression,Technique,Information reçue.,,
Faible pression eau à Adidogomé,signaler_basse_pression,Technique,Votre demande est prise en compte.,,lieu=Adidogomé
Pression faible svp,signaler_basse_pression,Technique,Merci pour votre message.,,
Hmmm Pression faible,signaler_basse_pression,Technique,Nous allons vous aider.,,
Pression faible svp,signaler_basse_pression,Technique,Merci pour votre message.,,
L'eau coule lentement svp,signaler_basse_pression,Technique,Votre demande est prise en compte.,,
L'eau coule lentement à Agoè,signaler_basse_pression,Technique,Votre demande est prise en compte.,,lieu=Agoè
L'eau coule lentement à Kegue,signaler_basse_pression,Technique,Nous allons vous aider.,,lieu=Kegue
Pression faible à Adidogomé,signaler_basse_pression,Technique,Information reçue.,,lieu=Adidogomé
Faible pression eau à Aného,signaler_basse_pression,Technique,Information reçue.,,lieu=Aného
Hmmm Faible pression eau,signaler_basse_pression,Technique,Merci pour votre message.,,
Faible pression eau svp,signaler_basse_pression,Technique,Nous allons vous aider.,,
Pression faible,signaler_basse_pression,Technique,Information reçue.,,
l'eau coule lentement,signaler_basse_pression,Technique,Votre demande est prise en compte.,,
l'eau coule lentement,signaler_basse_pression,Technique,Votre demande est prise en compte.,,
l'eau coule lentement,signaler_basse_pression,Technique,Merci pour votre message.,,
Hmmm Pression faible,signaler_basse_pression,Technique,Merci pour votre message.,,
Pression faible,signaler_basse_pression,Technique,Information reçue.,,
Hmmm Pression faible,signaler_basse_pression,Technique,Nous allons vous aider.,,
faible pression eau,signaler_basse_pression,Technique,Merci pour votre message.,,
Pression faible,signaler_basse_pression,Technique,Nous allons vous aider.,,
Hmmm L'eau coule lentement,signaler_basse_pression,Technique,Information reçue.,,
Hmmm Faible pression eau,signaler_basse_pression,Technique,Merci pour votre message.,,
Hmmm L'eau coule lentement,signaler_basse_pression,Technique,Merci pour votre message.,,
Hmmm Pression faible,signaler_basse_pression,Technique,Merci pour votre message.,,
Faible pression eau à Tsévié,signaler_basse_pression,Technique,Nous allons vous aider.,,lieu=Tsévié
Faible pression eau,signaler_basse_pression,Technique,Merci pour votre message.,,
Faible pression eau à Tsévié,signaler_basse_pression,Technique,Information reçue.,,lieu=Tsévié
Hmmm L'eau coule lentement,signaler_basse_pression,Technique,Merci pour votre message.,,
Faible pression eau svp,signaler_basse_pression,Technique,Votre demande est prise en compte.,,
L'eau coule lentement à Aného,signaler_basse_pression,Technique,Merci pour votre message.,,lieu=Aného
l'eau coule lentement,signaler_basse_pression,Technique,Nous allons vous aider.,,
Hmmm Faible pression eau,signaler_basse_pression,Technique,Information reçue.,,
Pression faible à Tsévié,signaler_basse_pression,Technique,Information reçue.,,lieu=Tsévié
Pression faible,signaler_basse_pression,Technique,Merci pour votre message.,,
faible pression eau,signaler_basse_pression,Technique,Nous allons vous aider.,,
L'eau coule lentement,signaler_basse_pression,Technique,Information reçue.,,
Pression faible svp,signaler_basse_pression,Technique,Votre demande est prise en compte.,,
L'eau coule lentement,signaler_basse_pression,Technique,Votre demande est prise en compte.,,
L'eau coule lentement à Agoè,signaler_basse_pression,Technique,Votre demande est prise en compte.,,lieu=Agoè
Eau sale svp,signaler_eau_sale,Technique,Information reçue.,,
Eau sale,signaler_eau_sale,Technique,Nous allons vous aider.,,
Eau trouble à Lomé,signaler_eau_sale,Technique,Merci pour votre message.,,lieu=Lomé
Eau sale à Adidogomé,signaler_eau_sale,Technique,Merci pour votre message.,,lieu=Adidogomé
Eau sale svp,signaler_eau_sale,Technique,Information reçue.,,
Eau sale,signaler_eau_sale,Technique,Information reçue.,,
eau couleur bizarre,signaler_eau_sale,Technique,Merci pour votre message.,,
eau couleur bizarre,signaler_eau_sale,Technique,Nous allons vous aider.,,
eau sale,signaler_eau_sale,Technique,Nous allons vous aider.,,
Eau sale,signaler_eau_sale,Technique,Information reçue.,,
Eau couleur bizarre à Agoè,signaler_eau_sale,Technique,Information reçue.,,lieu=Agoè
Eau couleur bizarre,signaler_eau_sale,Technique,Information reçue.,,
Eau couleur bizarre à Tsévié,signaler_eau_sale,Technique,Merci pour votre message.,,lieu=Tsévié
eau couleur bizarre,signaler_eau_sale,Technique,Information reçue.,,
Eau couleur bizarre,signaler_eau_sale,Technique,Information reçue.,,
eau couleur bizarre,signaler_eau_sale,Technique,Votre demande est prise en compte.,,
Eau trouble,signaler_eau_sale,Technique,Votre demande est prise en compte.,,
Eau sale,signaler_eau_sale,Technique,Votre demande est prise en compte.,,
Eau trouble,signaler_eau_sale,Technique,Votre demande est prise en compte.,,
Eau sale à Agoè,signaler_eau_sale,Technique,Information reçue.,,lieu=Agoè
eau trouble,signaler_eau_sale,Technique,Information reçue.,,
Eau trouble à Aného,signaler_eau_sale,Technique,Votre demande est prise en compte.,,lieu=Aného
eau couleur bizarre,signaler_eau_sale,Technique,Information reçue.,,
Eau couleur bizarre,signaler_eau_sale,Technique,Information reçue.,,
Hmmm Eau couleur bizarre,signaler_eau_sale,Technique,Nous allons vous aider.,,
eau couleur bizarre,signaler_eau_sale,Technique,Merci pour votre message.,,
Eau couleur bizarre,signaler_eau_sale,Technique,Votre demande est prise en compte.,,
Eau trouble à Agoè,signaler_eau_sale,Technique,Votre demande est prise en compte.,,lieu=Agoè
Eau sale à Agoè,signaler_eau_sale,Technique,Votre demande est prise en compte.,,lieu=Agoè
Eau trouble à Lomé,signaler_eau_sale,Technique,Merci pour votre message.,,lieu=Lomé
Eau couleur bizarre,signaler_eau_sale,Technique,Nous allons vous aider.,,
eau trouble,signaler_eau_sale,Technique,Votre demande est prise en compte.,,
Eau trouble svp,signaler_eau_sale,Technique,Merci pour votre message.,,
Eau couleur bizarre,signaler_eau_sale,Technique,Merci pour votre message.,,
Eau couleur bizarre à Tsévié,signaler_eau_sale,Technique,Nous allons vous aider.,,lieu=Tsévié
eau trouble,signaler_eau_sale,Technique,Information reçue.,,
eau couleur bizarre,signaler_eau_sale,Technique,Merci pour votre message.,,
Eau sale,signaler_eau_sale,Technique,Votre demande est prise en compte.,,
Eau sale,signaler_eau_sale,Technique,Merci pour votre message.,,
Eau trouble,signaler_eau_sale,Technique,Information reçue.,,
Eau couleur bizarre à Adidogomé,signaler_eau_sale,Technique,Nous allons vous aider.,,lieu=Adidogomé
eau sale,signaler_eau_sale,Technique,Merci pour votre message.,,
Eau couleur bizarre,signaler_eau_sale,Technique,Merci pour votre message.,,
Hmmm Eau trouble,signaler_eau_sale,Technique,Merci pour votre message.,,
Eau trouble à Kegue,signaler_eau_sale,Technique,Merci pour votre message.,,lieu=Kegue
eau sale,signaler_eau_sale,Technique,Merci pour votre message.,,
Hmmm Eau sale,signaler_eau_sale,Technique,Merci pour votre message.,,
eau trouble,signaler_eau_sale,Technique,Votre demande est prise en compte.,,
Eau sale à Agoè,signaler_eau_sale,Technique,Information reçue.,,lieu=Agoè
Hmmm Eau couleur bizarre,signaler_eau_sale,Technique,Votre demande est prise en compte.,,
Eau sale à Adidogomé,signaler_eau_sale,Technique,Nous allons vous aider.,,lieu=Adidogomé
Hmmm Eau trouble,signaler_eau_sale,Technique,Nous allons vous aider.,,
Eau couleur bizarre à Tsévié,signaler_eau_sale,Technique,Merci pour votre message.,,lieu=Tsévié
Hmmm Eau trouble,signaler_eau_sale,Technique,Votre demande est prise en compte.,,
eau sale,signaler_eau_sale,Technique,Nous allons vous aider.,,
Hmmm Eau trouble,signaler_eau_sale,Technique,Votre demande est prise en compte.,,
Eau sale,signaler_eau_sale,Technique,Nous allons vous aider.,,
Eau couleur bizarre à Agoè,signaler_eau_sale,Technique,Information reçue.,,lieu=Agoè
Eau sale svp,signaler_eau_sale,Technique,Votre demande est prise en compte.,,
Eau trouble à Lomé,signaler_eau_sale,Technique,Merci pour votre message.,,lieu=Lomé
eau trouble,signaler_eau_sale,Technique,Votre demande est prise en compte.,,
eau trouble,signaler_eau_sale,Technique,Information reçue.,,
Eau couleur bizarre à Lomé,signaler_eau_sale,Technique,Votre demande est prise en compte.,,lieu=Lomé
Hmmm Eau trouble,signaler_eau_sale,Technique,Nous allons vous aider.,,
Eau sale svp,signaler_eau_sale,Technique,Information reçue.,,
Eau couleur bizarre à Kegue,signaler_eau_sale,Technique,Information reçue.,,lieu=Kegue
Eau trouble svp,signaler_eau_sale,Technique,Information reçue.,,
eau sale,signaler_eau_sale,Technique,Nous allons vous aider.,,
Eau couleur bizarre à Lomé,signaler_eau_sale,Technique,Votre demande est prise en compte.,,lieu=Lomé
Eau couleur bizarre svp,signaler_eau_sale,Technique,Merci pour votre message.,,
Comment payer ma facture svp,paiement_facture,Facturation,Merci pour votre message.,,
Hmmm Mode paiement,paiement_facture,Facturation,Nous allons vous aider.,,
Comment payer ma facture svp,paiement_facture,Facturation,Nous allons vous aider.,,
Mode paiement à Agoè,paiement_facture,Facturation,Merci pour votre message.,,lieu=Agoè
Je veux payer facture svp,paiement_facture,Facturation,Merci pour votre message.,,
Comment payer ma facture,paiement_facture,Facturation,Nous allons vous aider.,,
Je veux payer facture svp,paiement_facture,Facturation,Merci pour votre message.,,
Hmmm Mode paiement,paiement_facture,Facturation,Votre demande est prise en compte.,,
Comment payer ma facture à Kegue,paiement_facture,Facturation,Information reçue.,,lieu=Kegue
Comment payer ma facture,paiement_facture,Facturation,Nous allons vous aider.,,
Hmmm Mode paiement,paiement_facture,Facturation,Merci pour votre message.,,
Comment payer ma facture svp,paiement_facture,Facturation,Nous allons vous aider.,,
mode paiement,paiement_facture,Facturation,Merci pour votre message.,,
Comment payer ma facture,paiement_facture,Facturation,Merci pour votre message.,,
je veux payer facture,paiement_facture,Facturation,Votre demande est prise en compte.,,
Hmmm Mode paiement,paiement_facture,Facturation,Nous allons vous aider.,,
Je veux payer facture à Lomé,paiement_facture,Facturation,Information reçue.,,lieu=Lomé
Mode paiement,paiement_facture,Facturation,Nous allons vous aider.,,
Mode paiement svp,paiement_facture,Facturation,Merci pour votre message.,,
Hmmm Je veux payer facture,paiement_facture,Facturation,Nous allons vous aider.,,
Mode paiement à Adidogomé,paiement_facture,Facturation,Nous allons vous aider.,,lieu=Adidogomé
comment payer ma facture,paiement_facture,Facturation,Information reçue.,,
Hmmm Comment payer ma facture,paiement_facture,Facturation,Information reçue.,,
Je veux payer facture svp,paiement_facture,Facturation,Information reçue.,,
Hmmm Comment payer ma facture,paiement_facture,Facturation,Nous allons vous aider.,,
Mode paiement,paiement_facture,Facturation,Nous allons vous aider.,,
Mode paiement svp,paiement_facture,Facturation,Information reçue.,,
Je veux payer facture,paiement_facture,Facturation,Information reçue.,,
Mode paiement,paiement_facture,Facturation,Merci pour votre message.,,
Comment payer ma facture,paiement_facture,Facturation,Information reçue.,,
Je veux payer facture à Lomé,paiement_facture,Facturation,Information reçue.,,lieu=Lomé
Je veux payer facture svp,paiement_facture,Facturation,Merci pour votre message.,,
mode paiement,paiement_facture,Facturation,Information reçue.,,
Comment payer ma facture à Tsévié,paiement_facture,Facturation,Nous allons vous aider.,,lieu=Tsévié
Je veux payer facture à Kegue,paiement_facture,Facturation,Merci pour votre message.,,lieu=Kegue
Je veux payer facture,paiement_facture,Facturation,Votre demande est prise en compte.,,
Mode paiement svp,paiement_facture,Facturation,Votre demande est prise en compte.,,
Comment payer ma facture svp,paiement_facture,Facturation,Information reçue.,,
Comment payer ma facture,paiement_facture,Facturation,Votre demande est prise en compte.,,
je veux payer facture,paiement_facture,Facturation,Nous allons vous aider.,,
Mode paiement à Adidogomé,paiement_facture,Facturation,Information reçue.,,lieu=Adidogomé
Comment payer ma facture à Kegue,paiement_facture,Facturation,Votre demande est prise en compte.,,lieu=Kegue
Je veux payer facture svp,paiement_facture,Facturation,Information reçue.,,
comment payer ma facture,paiement_facture,Facturation,Nous allons vous aider.,,
Hmmm Je veux payer facture,paiement_facture,Facturation,Votre demande est prise en compte.,,
Hmmm Mode paiement,paiement_facture,Facturation,Merci pour votre message.,,
comment payer ma facture,paiement_facture,Facturation,Merci pour votre message.,,
Mode paiement à Agoè,paiement_facture,Facturation,Merci pour votre message.,,lieu=Agoè
Comment payer ma facture svp,paiement_facture,Facturation,Merci pour votre message.,,
Mode paiement à Lomé,paiement_facture,Facturation,Votre demande est prise en compte.,,lieu=Lomé
je veux payer facture,paiement_facture,Facturation,Merci pour votre message.,,
Mode paiement,paiement_facture,Facturation,Nous allons vous aider.,,
Mode paiement svp,paiement_facture,Facturation,Votre demande est prise en compte.,,
Mode paiement svp,paiement_facture,Facturation,Nous allons vous aider.,,
mode paiement,paiement_facture,Facturation,Merci pour votre message.,,
Mode paiement à Agoè,paiement_facture,Facturation,Votre demande est prise en compte.,,lieu=Agoè
Comment payer ma facture,paiement_facture,Facturation,Merci pour votre message.,,
Comment payer ma facture svp,paiement_facture,Facturation,Votre demande est prise en compte.,,
Je veux payer facture,paiement_facture,Facturation,Merci pour votre message.,,
Je veux payer facture svp,paiement_facture,Facturation,Votre demande est prise en compte.,,
mode paiement,paiement_facture,Facturation,Information reçue.,,
Hmmm Mode paiement,paiement_facture,Facturation,Votre demande est prise en compte.,,
Mode paiement à Lomé,paiement_facture,Facturation,Votre demande est prise en compte.,,lieu=Lomé
Hmmm Comment payer ma facture,paiement_facture,Facturation,Merci pour votre message.,,
Mode paiement à Aného,paiement_facture,Facturation,Nous allons vous aider.,,lieu=Aného
comment payer ma facture,paiement_facture,Facturation,Nous allons vous aider.,,
je veux payer facture,paiement_facture,Facturation,Merci pour votre message.,,
Hmmm Comment payer ma facture,paiement_facture,Facturation,Nous allons vous aider.,,
Je veux payer facture svp,paiement_facture,Facturation,Merci pour votre message.,,
mode paiement,paiement_facture,Facturation,Nous allons vous aider.,,
montant incorrect,reclamation_facture,Facturation,Votre demande est prise en compte.,,
Facture trop élevée,reclamation_facture,Facturation,Information reçue.,,
erreur facture,reclamation_facture,Facturation,Votre demande est prise en compte.,,
Hmmm Facture trop élevée,reclamation_facture,Facturation,Information reçue.,,
Hmmm Erreur facture,reclamation_facture,Facturation,Information reçue.,,
Facture trop élevée,reclamation_facture,Facturation,Information reçue.,,
Hmmm Facture trop élevée,reclamation_facture,Facturation,Merci pour votre message.,,
Erreur facture à Agoè,reclamation_facture,Facturation,Merci pour votre message.,,lieu=Agoè
Hmmm Montant incorrect,reclamation_facture,Facturation,Merci pour votre message.,,
erreur facture,reclamation_facture,Facturation,Nous allons vous aider.,,
montant incorrect,reclamation_facture,Facturation,Information reçue.,,
Erreur facture,reclamation_facture,Facturation,Nous allons vous aider.,,
Facture trop élevée svp,reclamation_facture,Facturation,Merci pour votre message.,,
Erreur facture,reclamation_facture,Facturation,Merci pour votre message.,,
montant incorrect,reclamation_facture,Facturation,Votre demande est prise en compte.,,
Hmmm Montant incorrect,reclamation_facture,Facturation,Merci pour votre message.,,
Erreur facture svp,reclamation_facture,Facturation,Votre demande est prise en compte.,,
Facture trop élevée svp,reclamation_facture,Facturation,Information reçue.,,
Erreur facture svp,reclamation_facture,Facturation,Merci pour votre message.,,
Montant incorrect à Aného,reclamation_facture,Facturation,Merci pour votre message.,,lieu=Aného
Hmmm Montant incorrect,reclamation_facture,Facturation,Votre demande est prise en compte.,,
Montant incorrect à Tsévié,reclamation_facture,Facturation,Merci pour votre message.,,lieu=Tsévié
Erreur facture à Lomé,reclamation_facture,Facturation,Information reçue.,,lieu=Lomé
facture trop élevée,reclamation_facture,Facturation,Information reçue.,,
Facture trop élevée svp,reclamation_facture,Facturation,Nous allons vous aider.,,
Facture trop élevée svp,reclamation_facture,Facturation,Nous allons vous aider.,,
Montant incorrect à Tsévié,reclamation_facture,Facturation,Merci pour votre message.,,lieu=Tsévié
montant incorrect,reclamation_facture,Facturation,Information reçue.,,
Montant incorrect,reclamation_facture,Facturation,Nous allons vous aider.,,
Facture trop élevée svp,reclamation_facture,Facturation,Nous allons vous aider.,,
Hmmm Facture trop élevée,reclamation_facture,Facturation,Votre demande est prise en compte.,,
Montant incorrect,reclamation_facture,Facturation,Merci pour votre message.,,
Erreur facture,reclamation_facture,Facturation,Nous allons vous aider.,,
Hmmm Erreur facture,reclamation_facture,Facturation,Nous allons vous aider.,,
erreur facture,reclamation_facture,Facturation,Nous allons vous aider.,,
Facture trop élevée svp,reclamation_facture,Facturation,Information reçue.,,
Montant incorrect,reclamation_facture,Facturation,Information reçue.,,
erreur facture,reclamation_facture,Facturation,Votre demande est prise en compte.,,
Hmmm Montant incorrect,reclamation_facture,Facturation,Information reçue.,,
Facture trop élevée svp,reclamation_facture,Facturation,Information reçue.,,
Montant incorrect,reclamation_facture,Facturation,Votre demande est prise en compte.,,
Hmmm Facture trop élevée,reclamation_facture,Facturation,Votre demande est prise en compte.,,
Facture trop élevée svp,reclamation_facture,Facturation,Nous allons vous aider.,,
Montant incorrect,reclamation_facture,Facturation,Nous allons vous aider.,,
Facture trop élevée à Tsévié,reclamation_facture,Facturation,Merci pour votre message.,,lieu=Tsévié
erreur facture,reclamation_facture,Facturation,Merci pour votre message.,,
Montant incorrect à Adidogomé,reclamation_facture,Facturation,Nous allons vous aider.,,lieu=Adidogomé
Facture trop élevée svp,reclamation_facture,Facturation,Nous allons vous aider.,,
Hmmm Montant incorrect,reclamation_facture,Facturation,Merci pour votre message.,,
montant incorrect,reclamation_facture,Facturation,Information reçue.,,
Montant incorrect,reclamation_facture,Facturation,Nous allons vous aider.,,
montant incorrect,reclamation_facture,Facturation,Merci pour votre message.,,
Hmmm Facture trop élevée,reclamation_facture,Facturation,Information reçue.,,
Hmmm Facture trop élevée,reclamation_facture,Facturation,Merci pour votre message.,,
Erreur facture svp,reclamation_facture,Facturation,Merci pour votre message.,,
Facture trop élevée svp,reclamation_facture,Facturation,Merci pour votre message.,,
Montant incorrect à Agoè,reclamation_facture,Facturation,Merci pour votre message.,,lieu=Agoè
Erreur facture à Adidogomé,reclamation_facture,Facturation,Nous allons vous aider.,,lieu=Adidogomé
facture trop élevée,reclamation_facture,Facturation,Nous allons vous aider.,,
Erreur facture svp,reclamation_facture,Facturation,Information reçue.,,
Montant incorrect svp,reclamation_facture,Facturation,Nous allons vous aider.,,
Hmmm Facture trop élevée,reclamation_facture,Facturation,Votre demande est prise en compte.,,
montant incorrect,reclamation_facture,Facturation,Votre demande est prise en compte.,,
Facture trop élevée svp,reclamation_facture,Facturation,Information reçue.,,
Hmmm Erreur facture,reclamation_facture,Facturation,Votre demande est prise en compte.,,
facture trop élevée,reclamation_facture,Facturation,Votre demande est prise en compte.,,
Erreur facture,reclamation_facture,Facturation,Information reçue.,,
Montant incorrect svp,reclamation_facture,Facturation,Merci pour votre message.,,
Montant incorrect svp,reclamation_facture,Facturation,Nous allons vous aider.,,
Facture trop élevée svp,reclamation_facture,Facturation,Votre demande est prise en compte.,,
voir ma facture,consulter_facture,Facturation,Information reçue.,,
Consulter facture,consulter_facture,Facturation,Merci pour votre message.,,
Voir ma facture à Kegue,consulter_facture,Facturation,Votre demande est prise en compte.,,lieu=Kegue
Hmmm Consulter facture,consulter_facture,Facturation,Information reçue.,,
Hmmm Voir ma facture,consulter_facture,Facturation,Merci pour votre message.,,
consulter facture,consulter_facture,Facturation,Votre demande est prise en compte.,,
Hmmm Voir ma facture,consulter_facture,Facturation,Merci pour votre message.,,
Consulter facture,consulter_facture,Facturation,Votre demande est prise en compte.,,
Voir ma facture à Lomé,consulter_facture,Facturation,Votre demande est prise en compte.,,lieu=Lomé
afficher facture,consulter_facture,Facturation,Information reçue.,,
Voir ma facture svp,consulter_facture,Facturation,Votre demande est prise en compte.,,
consulter facture,consulter_facture,Facturation,Votre demande est prise en compte.,,
consulter facture,consulter_facture,Facturation,Merci pour votre message.,,
Hmmm Voir ma facture,consulter_facture,Facturation,Merci pour votre message.,,
Consulter facture à Tsévié,consulter_facture,Facturation,Information reçue.,,lieu=Tsévié
Hmmm Voir ma facture,consulter_facture,Facturation,Merci pour votre message.,,
consulter facture,consulter_facture,Facturation,Merci pour votre message.,,
Consulter facture à Agoè,consulter_facture,Facturation,Merci pour votre message.,,lieu=Agoè
Hmmm Voir ma facture,consulter_facture,Facturation,Merci pour votre message.,,
Afficher facture à Adidogomé,consulter_facture,Facturation,Nous allons vous aider.,,lieu=Adidogomé
Hmmm Voir ma facture,consulter_facture,Facturation,Merci pour votre message.,,
Consulter facture à Agoè,consulter_facture,Facturation,Nous allons vous aider.,,lieu=Agoè
Afficher facture,consulter_facture,Facturation,Merci pour votre message.,,
Consulter facture svp,consulter_facture,Facturation,Votre demande est prise en compte.,,
Voir ma facture,consulter_facture,Facturation,Information reçue.,,
Hmmm Consulter facture,consulter_facture,Facturation,Information reçue.,,
Voir ma facture,consulter_facture,Facturation,Nous allons vous aider.,,
afficher facture,consulter_facture,Facturation,Nous allons vous aider.,,
Hmmm Afficher facture,consulter_facture,Facturation,Information reçue.,,
Afficher facture à Kegue,consulter_facture,Facturation,Nous allons vous aider.,,lieu=Kegue
voir ma facture,consulter_facture,Facturation,Merci pour votre message.,,
Voir ma facture svp,consulter_facture,Facturation,Merci pour votre message.,,
Consulter facture svp,consulter_facture,Facturation,Nous allons vous aider.,,
Hmmm Afficher facture,consulter_facture,Facturation,Merci pour votre message.,,
Hmmm Afficher facture,consulter_facture,Facturation,Merci pour votre message.,,
Afficher facture svp,consulter_facture,Facturation,Information reçue.,,
Hmmm Consulter facture,consulter_facture,Facturation,Merci pour votre message.,,
Afficher facture svp,consulter_facture,Facturation,Information reçue.,,
afficher facture,consulter_facture,Facturation,Information reçue.,,
voir ma facture,consulter_facture,Facturation,Information reçue.,,
Voir ma facture à Aného,consulter_facture,Facturation,Votre demande est prise en compte.,,lieu=Aného
Hmmm Afficher facture,consulter_facture,Facturation,Information reçue.,,
Hmmm Voir ma facture,consulter_facture,Facturation,Merci pour votre message.,,
Hmmm Voir ma facture,consulter_facture,Facturation,Nous allons vous aider.,,
consulter facture,consulter_facture,Facturation,Votre demande est prise en compte.,,
Afficher facture à Tsévié,consulter_facture,Facturation,Nous allons vous aider.,,lieu=Tsévié
consulter facture,consulter_facture,Facturation,Merci pour votre message.,,
Voir ma facture à Adidogomé,consulter_facture,Facturation,Merci pour votre message.,,lieu=Adidogomé
voir ma facture,consulter_facture,Facturation,Merci pour votre message.,,
Hmmm Consulter facture,consulter_facture,Facturation,Information reçue.,,
Consulter facture svp,consulter_facture,Facturation,Nous allons vous aider.,,
Afficher facture,consulter_facture,Facturation,Information reçue.,,
consulter facture,consulter_facture,Facturation,Information reçue.,,
Hmmm Voir ma facture,consulter_facture,Facturation,Votre demande est prise en compte.,,
Afficher facture à Agoè,consulter_facture,Facturation,Nous allons vous aider.,,lieu=Agoè
consulter facture,consulter_facture,Facturation,Votre demande est prise en compte.,,
voir ma facture,consulter_facture,Facturation,Information reçue.,,
voir ma facture,consulter_facture,Facturation,Merci pour votre message.,,
Hmmm Consulter facture,consulter_facture,Facturation,Merci pour votre message.,,
Hmmm Voir ma facture,consulter_facture,Facturation,Merci pour votre message.,,
Afficher facture à Adidogomé,consulter_facture,Facturation,Votre demande est prise en compte.,,lieu=Adidogomé
consulter facture,consulter_facture,Facturation,Merci pour votre message.,,
Hmmm Voir ma facture,consulter_facture,Facturation,Information reçue.,,
Hmmm Afficher facture,consulter_facture,Facturation,Information reçue.,,
consulter facture,consulter_facture,Facturation,Information reçue.,,
voir ma facture,consulter_facture,Facturation,Nous allons vous aider.,,
Afficher facture svp,consulter_facture,Facturation,Nous allons vous aider.,,
Hmmm Voir ma facture,consulter_facture,Facturation,Nous allons vous aider.,,
Afficher facture à Tsévié,consulter_facture,Facturation,Merci pour votre message.,,lieu=Tsévié
Consulter facture,consulter_facture,Facturation,Nous allons vous aider.,,
Installer eau,demande_branchement,Commercial,Votre demande est prise en compte.,,
installer eau,demande_branchement,Commercial,Votre demande est prise en compte.,,
Nouveau branchement,demande_branchement,Commercial,Nous allons vous aider.,,
Demande branchement eau svp,demande_branchement,Commercial,Nous allons vous aider.,,
Nouveau branchement à Lomé,demande_branchement,Commercial,Information reçue.,,lieu=Lomé
Demande branchement eau à Kegue,demande_branchement,Commercial,Information reçue.,,lieu=Kegue
Nouveau branchement à Agoè,demande_branchement,Commercial,Information reçue.,,lieu=Agoè
nouveau branchement,demande_branchement,Commercial,Votre demande est prise en compte.,,
demande branchement eau,demande_branchement,Commercial,Merci pour votre message.,,
Installer eau à Aného,demande_branchement,Commercial,Votre demande est prise en compte.,,lieu=Aného
installer eau,demande_branchement,Commercial,Merci pour votre message.,,
Demande branchement eau,demande_branchement,Commercial,Information reçue.,,
Nouveau branchement,demande_branchement,Commercial,Merci pour votre message.,,
Demande branchement eau svp,demande_branchement,Commercial,Nous allons vous aider.,,
Demande branchement eau,demande_branchement,Commercial,Merci pour votre message.,,
demande branchement eau,demande_branchement,Commercial,Nous allons vous aider.,,
Nouveau branchement à Tsévié,demande_branchement,Commercial,Nous allons vous aider.,,lieu=Tsévié
Demande branchement eau,demande_branchement,Commercial,Nous allons vous aider.,,
Installer eau,demande_branchement,Commercial,Votre demande est prise en compte.,,
Demande branchement eau,demande_branchement,Commercial,Nous allons vous aider.,,
Installer eau,demande_branchement,Commercial,Merci pour votre message.,,
Hmmm Nouveau branchement,demande_branchement,Commercial,Votre demande est prise en compte.,,
installer eau,demande_branchement,Commercial,Votre demande est prise en compte.,,
Hmmm Installer eau,demande_branchement,Commercial,Nous allons vous aider.,,
Demande branchement eau svp,demande_branchement,Commercial,Nous allons vous aider.,,
Hmmm Demande branchement eau,demande_branchement,Commercial,Nous allons vous aider.,,
Demande branchement eau à Adidogomé,demande_branchement,Commercial,Information reçue.,,lieu=Adidogomé
Installer eau à Tsévié,demande_branchement,Commercial,Merci pour votre message.,,lieu=Tsévié
Demande branchement eau à Tsévié,demande_branchement,Commercial,Information reçue.,,lieu=Tsévié
Nouveau branchement svp,demande_branchement,Commercial,Merci pour votre message.,,
Installer eau à Adidogomé,demande_branchement,Commercial,Nous allons vous aider.,,lieu=Adidogomé
Installer eau svp,demande_branchement,Commercial,Merci pour votre message.,,
Installer eau,demande_branchement,Commercial,Information reçue.,,
Demande branchement eau,demande_branchement,Commercial,Votre demande est prise en compte.,,
Nouveau branchement svp,demande_branchement,Commercial,Votre demande est prise en compte.,,
Hmmm Nouveau branchement,demande_branchement,Commercial,Information reçue.,,
demande branchement eau,demande_branchement,Commercial,Merci pour votre message.,,
Demande branchement eau à Tsévié,demande_branchement,Commercial,Information reçue.,,lieu=Tsévié
nouveau branchement,demande_branchement,Commercial,Nous allons vous aider.,,
Demande branchement eau svp,demande_branchement,Commercial,Nous allons vous aider.,,
Demande branchement eau,demande_branchement,Commercial,Nous allons vous aider.,,
Installer eau,demande_branchement,Commercial,Nous allons vous aider.,,
Hmmm Demande branchement eau,demande_branchement,Commercial,Votre demande est prise en compte.,,
Nouveau branchement à Aného,demande_branchement,Commercial,Nous allons vous aider.,,lieu=Aného
Nouveau branchement svp,demande_branchement,Commercial,Nous allons vous aider.,,
Demande branchement eau,demande_branchement,Commercial,Votre demande est prise en compte.,,
Demande branchement eau à Tsévié,demande_branchement,Commercial,Merci pour votre message.,,lieu=Tsévié
Demande branchement eau svp,demande_branchement,Commercial,Votre demande est prise en compte.,,
Installer eau à Tsévié,demande_branchement,Commercial,Nous allons vous aider.,,lieu=Tsévié
Demande branchement eau svp,demande_branchement,Commercial,Votre demande est prise en compte.,,
Nouveau branchement,demande_branchement,Commercial,Nous allons vous aider.,,
Hmmm Nouveau branchement,demande_branchement,Commercial,Votre demande est prise en compte.,,
Nouveau branchement à Adidogomé,demande_branchement,Commercial,Merci pour votre message.,,lieu=Adidogomé
nouveau branchement,demande_branchement,Commercial,Information reçue.,,
Hmmm Demande branchement eau,demande_branchement,Commercial,Nous allons vous aider.,,
nouveau branchement,demande_branchement,Commercial,Information reçue.,,
demande branchement eau,demande_branchement,Commercial,Information reçue.,,
nouveau branchement,demande_branchement,Commercial,Merci pour votre message.,,
Installer eau svp,demande_branchement,Commercial,Merci pour votre message.,,
Installer eau,demande_branchement,Commercial,Votre demande est prise en compte.,,
Hmmm Demande branchement eau,demande_branchement,Commercial,Votre demande est prise en compte.,,
Nouveau branchement,demande_branchement,Commercial,Information reçue.,,
nouveau branchement,demande_branchement,Commercial,Nous allons vous aider.,,
Installer eau svp,demande_branchement,Commercial,Merci pour votre message.,,
Nouveau branchement,demande_branchement,Commercial,Nous allons vous aider.,,
Demande branchement eau à Adidogomé,demande_branchement,Commercial,Nous allons vous aider.,,lieu=Adidogomé
Nouveau branchement,demande_branchement,Commercial,Merci pour votre message.,,
Demande branchement eau,demande_branchement,Commercial,Votre demande est prise en compte.,,
Installer eau à Aného,demande_branchement,Commercial,Merci pour votre message.,,lieu=Aného
Installer eau à Adidogomé,demande_branchement,Commercial,Nous allons vous aider.,,lieu=Adidogomé
Etat demande à Adidogomé,suivi_demande,Commercial,Information reçue.,,lieu=Adidogomé
Statut branchement,suivi_demande,Commercial,Votre demande est prise en compte.,,
Etat demande à Aného,suivi_demande,Commercial,Information reçue.,,lieu=Aného
Statut branchement svp,suivi_demande,Commercial,Merci pour votre message.,,
Suivre ma demande,suivi_demande,Commercial,Votre demande est prise en compte.,,
Etat demande,suivi_demande,Commercial,Merci pour votre message.,,
Hmmm Statut branchement,suivi_demande,Commercial,Information reçue.,,
Etat demande,suivi_demande,Commercial,Votre demande est prise en compte.,,
Hmmm Statut branchement,suivi_demande,Commercial,Votre demande est prise en compte.,,
Etat demande svp,suivi_demande,Commercial,Nous allons vous aider.,,
Hmmm Etat demande,suivi_demande,Commercial,Votre demande est prise en compte.,,
Etat demande à Agoè,suivi_demande,Commercial,Information reçue.,,lieu=Agoè
Hmmm Suivre ma demande,suivi_demande,Commercial,Votre demande est prise en compte.,,
Statut branchement à Lomé,suivi_demande,Commercial,Merci pour votre message.,,lieu=Lomé
statut branchement,suivi_demande,Commercial,Nous allons vous aider.,,
Etat demande svp,suivi_demande,Commercial,Information reçue.,,
Etat demande svp,suivi_demande,Commercial,Votre demande est prise en compte.,,
Suivre ma demande,suivi_demande,Commercial,Votre demande est prise en compte.,,
Etat demande à Agoè,suivi_demande,Commercial,Votre demande est prise en compte.,,lieu=Agoè
Etat demande à Kegue,suivi_demande,Commercial,Votre demande est prise en compte.,,lieu=Kegue
Etat demande,suivi_demande,Commercial,Information reçue.,,
Hmmm Statut branchement,suivi_demande,Commercial,Information reçue.,,
Suivre ma demande,suivi_demande,Commercial,Votre demande est prise en compte.,,
Etat demande à Tsévié,suivi_demande,Commercial,Merci pour votre message.,,lieu=Tsévié
Suivre ma demande,suivi_demande,Commercial,Information reçue.,,
Etat demande,suivi_demande,Commercial,Merci pour votre message.,,
Statut branchement,suivi_demande,Commercial,Nous allons vous aider.,,
Suivre ma demande à Tsévié,suivi_demande,Commercial,Nous allons vous aider.,,lieu=Tsévié
Etat demande,suivi_demande,Commercial,Nous allons vous aider.,,
Suivre ma demande,suivi_demande,Commercial,Nous allons vous aider.,,
Suivre ma demande,suivi_demande,Commercial,Information reçue.,,
Suivre ma demande,suivi_demande,Commercial,Nous allons vous aider.,,
Etat demande à Agoè,suivi_demande,Commercial,Information reçue.,,lieu=Agoè
Statut branchement svp,suivi_demande,Commercial,Information reçue.,,
Statut branchement,suivi_demande,Commercial,Merci pour votre message.,,
Suivre ma demande svp,suivi_demande,Commercial,Nous allons vous aider.,,
Etat demande,suivi_demande,Commercial,Information reçue.,,
Statut branchement à Aného,suivi_demande,Commercial,Nous allons vous aider.,,lieu=Aného
Suivre ma demande,suivi_demande,Commercial,Nous allons vous aider.,,
Etat demande svp,suivi_demande,Commercial,Merci pour votre message.,,
Statut branchement svp,suivi_demande,Commercial,Nous allons vous aider.,,
Statut branchement,suivi_demande,Commercial,Information reçue.,,
Statut branchement à Aného,suivi_demande,Commercial,Nous allons vous aider.,,lieu=Aného
Hmmm Etat demande,suivi_demande,Commercial,Information reçue.,,
Etat demande,suivi_demande,Commercial,Information reçue.,,
Hmmm Statut branchement,suivi_demande,Commercial,Votre demande est prise en compte.,,
Statut branchement,suivi_demande,Commercial,Nous allons vous aider.,,
statut branchement,suivi_demande,Commercial,Merci pour votre message.,,
Hmmm Etat demande,suivi_demande,Commercial,Nous allons vous aider.,,
Etat demande svp,suivi_demande,Commercial,Information reçue.,,
Suivre ma demande,suivi_demande,Commercial,Merci pour votre message.,,
Etat demande à Tsévié,suivi_demande,Commercial,Votre demande est prise en compte.,,lieu=Tsévié
Statut branchement,suivi_demande,Commercial,Information reçue.,,
Hmmm Suivre ma demande,suivi_demande,Commercial,Information reçue.,,
Statut branchement svp,suivi_demande,Commercial,Votre demande est prise en compte.,,
Hmmm Suivre ma demande,suivi_demande,Commercial,Information reçue.,,
Statut branchement à Lomé,suivi_demande,Commercial,Votre demande est prise en compte.,,lieu=Lomé
suivre ma demande,suivi_demande,Commercial,Nous allons vous aider.,,
etat demande,suivi_demande,Commercial,Nous allons vous aider.,,
suivre ma demande,suivi_demande,Commercial,Information reçue.,,
Statut branchement,suivi_demande,Commercial,Merci pour votre message.,,
Suivre ma demande svp,suivi_demande,Commercial,Merci pour votre message.,,
Hmmm Etat demande,suivi_demande,Commercial,Merci pour votre message.,,
Statut branchement à Adidogomé,suivi_demande,Commercial,Nous allons vous aider.,,lieu=Adidogomé
etat demande,suivi_demande,Commercial,Votre demande est prise en compte.,,
Etat demande svp,suivi_demande,Commercial,Merci pour votre message.,,
Suivre ma demande,suivi_demande,Commercial,Merci pour votre message.,,
Hmmm Etat demande,suivi_demande,Commercial,Merci pour votre message.,,
Statut branchement,suivi_demande,Commercial,Information reçue.,,
Suivre ma demande svp,suivi_demande,Commercial,Merci pour votre message.,,
Stop abonnement,resiliation,Commercial,Merci pour votre message.,,
Stop abonnement à Lomé,resiliation,Commercial,Votre demande est prise en compte.,,lieu=Lomé
résilier abonnement,resiliation,Commercial,Votre demande est prise en compte.,,
Résilier abonnement à Lomé,resiliation,Commercial,Votre demande est prise en compte.,,lieu=Lomé
Résilier abonnement svp,resiliation,Commercial,Votre demande est prise en compte.,,
Stop abonnement,resiliation,Commercial,Information reçue.,,
Résilier abonnement,resiliation,Commercial,Merci pour votre message.,,
Arrêter contrat à Agoè,resiliation,Commercial,Nous allons vous aider.,,lieu=Agoè
Résilier abonnement svp,resiliation,Commercial,Information reçue.,,
Hmmm Résilier abonnement,resiliation,Commercial,Information reçue.,,
Arrêter contrat svp,resiliation,Commercial,Votre demande est prise en compte.,,
Résilier abonnement,resiliation,Commercial,Nous allons vous aider.,,
Résilier abonnement à Lomé,resiliation,Commercial,Merci pour votre message.,,lieu=Lomé
Résilier abonnement à Lomé,resiliation,Commercial,Votre demande est prise en compte.,,lieu=Lomé
Stop abonnement à Adidogomé,resiliation,Commercial,Merci pour votre message.,,lieu=Adidogomé
résilier abonnement,resiliation,Commercial,Information reçue.,,
Arrêter contrat svp,resiliation,Commercial,Information reçue.,,
stop abonnement,resiliation,Commercial,Merci pour votre message.,,
stop abonnement,resiliation,Commercial,Merci pour votre message.,,
Résilier abonnement,resiliation,Commercial,Information reçue.,,
Stop abonnement svp,resiliation,Commercial,Information reçue.,,
Résilier abonnement à Kegue,resiliation,Commercial,Nous allons vous aider.,,lieu=Kegue
Résilier abonnement à Lomé,resiliation,Commercial,Nous allons vous aider.,,lieu=Lomé
Arrêter contrat,resiliation,Commercial,Information reçue.,,
Hmmm Arrêter contrat,resiliation,Commercial,Information reçue.,,
Arrêter contrat,resiliation,Commercial,Information reçue.,,
stop abonnement,resiliation,Commercial,Information reçue.,,
Résilier abonnement,resiliation,Commercial,Votre demande est prise en compte.,,
résilier abonnement,resiliation,Commercial,Merci pour votre message.,,
Arrêter contrat à Lomé,resiliation,Commercial,Merci pour votre message.,,lieu=Lomé
Arrêter contrat svp,resiliation,Commercial,Votre demande est prise en compte.,,
Stop abonnement à Aného,resiliation,Commercial,Merci pour votre message.,,lieu=Aného
Stop abonnement à Tsévié,resiliation,Commercial,Votre demande est prise en compte.,,lieu=Tsévié
arrêter contrat,resiliation,Commercial,Information reçue.,,
Stop abonnement,resiliation,Commercial,Merci pour votre message.,,
Arrêter contrat,resiliation,Commercial,Votre demande est prise en compte.,,
stop abonnement,resiliation,Commercial,Nous allons vous aider.,,
Stop abonnement svp,resiliation,Commercial,Merci pour votre message.,,
Stop abonnement à Kegue,resiliation,Commercial,Nous allons vous aider.,,lieu=Kegue
Arrêter contrat,resiliation,Commercial,Merci pour votre message.,,
Hmmm Stop abonnement,resiliation,Commercial,Merci pour votre message.,,
Stop abonnement svp,resiliation,Commercial,Merci pour votre message.,,
Hmmm Stop abonnement,resiliation,Commercial,Merci pour votre message.,,
Résilier abonnement à Adidogomé,resiliation,Commercial,Votre demande est prise en compte.,,lieu=Adidogomé
Résilier abonnement svp,resiliation,Commercial,Votre demande est prise en compte.,,
Stop abonnement à Lomé,resiliation,Commercial,Votre demande est prise en compte.,,lieu=Lomé
Hmmm Résilier abonnement,resiliation,Commercial,Nous allons vous aider.,,
Hmmm Arrêter contrat,resiliation,Commercial,Votre demande est prise en compte.,,
Hmmm Résilier abonnement,resiliation,Commercial,Information reçue.,,
arrêter contrat,resiliation,Commercial,Votre demande est prise en compte.,,
Hmmm Résilier abonnement,resiliation,Commercial,Merci pour votre message.,,
Résilier abonnement,resiliation,Commercial,Votre demande est prise en compte.,,
arrêter contrat,resiliation,Commercial,Information reçue.,,
Hmmm Arrêter contrat,resiliation,Commercial,Nous allons vous aider.,,
Arrêter contrat svp,resiliation,Commercial,Merci pour votre message.,,
Hmmm Résilier abonnement,resiliation,Commercial,Votre demande est prise en compte.,,
Hmmm Résilier abonnement,resiliation,Commercial,Votre demande est prise en compte.,,
Stop abonnement svp,resiliation,Commercial,Information reçue.,,
Arrêter contrat svp,resiliation,Commercial,Nous allons vous aider.,,
Résilier abonnement svp,resiliation,Commercial,Information reçue.,,
arrêter contrat,resiliation,Commercial,Merci pour votre message.,,
résilier abonnement,resiliation,Commercial,Votre demande est prise en compte.,,
Arrêter contrat à Agoè,resiliation,Commercial,Merci pour votre message.,,lieu=Agoè
Résilier abonnement à Agoè,resiliation,Commercial,Information reçue.,,lieu=Agoè
Hmmm Résilier abonnement,resiliation,Commercial,Merci pour votre message.,,
Résilier abonnement à Tsévié,resiliation,Commercial,Votre demande est prise en compte.,,lieu=Tsévié
résilier abonnement,resiliation,Commercial,Nous allons vous aider.,,
arrêter contrat,resiliation,Commercial,Information reçue.,,
Arrêter contrat à Lomé,resiliation,Commercial,Information reçue.,,lieu=Lomé
Arrêter contrat,resiliation,Commercial,Nous allons vous aider.,,
Besoin info svp,demande_information,General,Nous allons vous aider.,,
Hmmm Donne info service,demande_information,General,Information reçue.,,
donne info service,demande_information,General,Information reçue.,,
Donne info service à Aného,demande_information,General,Nous allons vous aider.,,lieu=Aného
explique service,demande_information,General,Votre demande est prise en compte.,,
Hmmm Donne info service,demande_information,General,Votre demande est prise en compte.,,
explique service,demande_information,General,Votre demande est prise en compte.,,
besoin info,demande_information,General,Information reçue.,,
explique service,demande_information,General,Merci pour votre message.,,
Besoin info,demande_information,General,Merci pour votre message.,,
Besoin info svp,demande_information,General,Information reçue.,,
Explique service,demande_information,General,Votre demande est prise en compte.,,
Explique service à Tsévié,demande_information,General,Information reçue.,,lieu=Tsévié
Besoin info,demande_information,General,Merci pour votre message.,,
Donne info service à Kegue,demande_information,General,Nous allons vous aider.,,lieu=Kegue
Donne info service svp,demande_information,General,Merci pour votre message.,,
Hmmm Donne info service,demande_information,General,Information reçue.,,
Hmmm Donne info service,demande_information,General,Information reçue.,,
Donne info service,demande_information,General,Nous allons vous aider.,,
Explique service à Agoè,demande_information,General,Votre demande est prise en compte.,,lieu=Agoè
Donne info service svp,demande_information,General,Votre demande est prise en compte.,,
Hmmm Explique service,demande_information,General,Nous allons vous aider.,,
Explique service,demande_information,General,Merci pour votre message.,,
Hmmm Explique service,demande_information,General,Information reçue.,,
besoin info,demande_information,General,Information reçue.,,
explique service,demande_information,General,Information reçue.,,
Besoin info svp,demande_information,General,Votre demande est prise en compte.,,
besoin info,demande_information,General,Votre demande est prise en compte.,,
Besoin info à Agoè,demande_information,General,Nous allons vous aider.,,lieu=Agoè
Besoin info svp,demande_information,General,Information reçue.,,
Hmmm Besoin info,demande_information,General,Nous allons vous aider.,,
Donne info service,demande_information,General,Votre demande est prise en compte.,,
Besoin info à Lomé,demande_information,General,Votre demande est prise en compte.,,lieu=Lomé
Donne info service svp,demande_information,General,Votre demande est prise en compte.,,
besoin info,demande_information,General,Nous allons vous aider.,,
Explique service,demande_information,General,Information reçue.,,
Hmmm Explique service,demande_information,General,Information reçue.,,
Donne info service,demande_information,General,Votre demande est prise en compte.,,
Besoin info svp,demande_information,General,Information reçue.,,
besoin info,demande_information,General,Information reçue.,,
Donne info service,demande_information,General,Information reçue.,,
Hmmm Donne info service,demande_information,General,Votre demande est prise en compte.,,
Explique service à Lomé,demande_information,General,Information reçue.,,lieu=Lomé
Explique service,demande_information,General,Information reçue.,,
explique service,demande_information,General,Nous allons vous aider.,,
Explique service svp,demande_information,General,Votre demande est prise en compte.,,
Hmmm Explique service,demande_information,General,Nous allons vous aider.,,
Donne info service à Adidogomé,demande_information,General,Information reçue.,,lieu=Adidogomé
Explique service,demande_information,General,Merci pour votre message.,,
Donne info service,demande_information,General,Votre demande est prise en compte.,,
besoin info,demande_information,General,Information reçue.,,
Hmmm Explique service,demande_information,General,Nous allons vous aider.,,
Donne info service svp,demande_information,General,Merci pour votre message.,,
Explique service svp,demande_information,General,Nous allons vous aider.,,
Hmmm Donne info service,demande_information,General,Information reçue.,,
Hmmm Donne info service,demande_information,General,Nous allons vous aider.,,
Besoin info,demande_information,General,Information reçue.,,
Besoin info,demande_information,General,Information reçue.,,
Hmmm Besoin info,demande_information,General,Merci pour votre message.,,
Hmmm Explique service,demande_information,General,Nous allons vous aider.,,
Hmmm Explique service,demande_information,General,Nous allons vous aider.,,
donne info service,demande_information,General,Merci pour votre message.,,
Besoin info svp,demande_information,General,Information reçue.,,
Explique service à Agoè,demande_information,General,Nous allons vous aider.,,lieu=Agoè
Hmmm Explique service,demande_information,General,Information reçue.,,
explique service,demande_information,General,Nous allons vous aider.,,
explique service,demande_information,General,Nous allons vous aider.,,
Hmmm Explique service,demande_information,General,Merci pour votre message.,,
explique service,demande_information,General,Votre demande est prise en compte.,,
Hmmm Explique service,demande_information,General,Votre demande est prise en compte.,,
Où est agence,localisation_agence,General,Nous allons vous aider.,,
Localisation agence svp,localisation_agence,General,Information reçue.,,
Localisation agence à Aného,localisation_agence,General,Nous allons vous aider.,,lieu=Aného
Agence la plus proche,localisation_agence,General,Information reçue.,,
Hmmm Agence la plus proche,localisation_agence,General,Merci pour votre message.,,
Localisation agence,localisation_agence,General,Votre demande est prise en compte.,,
où est agence,localisation_agence,General,Merci pour votre message.,,
Agence la plus proche à Adidogomé,localisation_agence,General,Votre demande est prise en compte.,,lieu=Adidogomé
agence la plus proche,localisation_agence,General,Information reçue.,,
Où est agence à Adidogomé,localisation_agence,General,Merci pour votre message.,,lieu=Adidogomé
Hmmm Agence la plus proche,localisation_agence,General,Votre demande est prise en compte.,,
Où est agence svp,localisation_agence,General,Votre demande est prise en compte.,,
Localisation agence svp,localisation_agence,General,Merci pour votre message.,,
où est agence,localisation_agence,General,Information reçue.,,
Agence la plus proche,localisation_agence,General,Votre demande est prise en compte.,,
Localisation agence,localisation_agence,General,Votre demande est prise en compte.,,
Localisation agence,localisation_agence,General,Votre demande est prise en compte.,,
où est agence,localisation_agence,General,Information reçue.,,
où est agence,localisation_agence,General,Merci pour votre message.,,
localisation agence,localisation_agence,General,Merci pour votre message.,,
agence la plus proche,localisation_agence,General,Votre demande est prise en compte.,,
où est agence,localisation_agence,General,Merci pour votre message.,,
Localisation agence,localisation_agence,General,Information reçue.,,
Agence la plus proche svp,localisation_agence,General,Information reçue.,,
Localisation agence svp,localisation_agence,General,Nous allons vous aider.,,
agence la plus proche,localisation_agence,General,Nous allons vous aider.,,
Où est agence svp,localisation_agence,General,Merci pour votre message.,,
Agence la plus proche à Aného,localisation_agence,General,Information reçue.,,lieu=Aného
Où est agence svp,localisation_agence,General,Information reçue.,,
agence la plus proche,localisation_agence,General,Nous allons vous aider.,,
Localisation agence à Agoè,localisation_agence,General,Votre demande est prise en compte.,,lieu=Agoè
Agence la plus proche à Tsévié,localisation_agence,General,Merci pour votre message.,,lieu=Tsévié
Localisation agence,localisation_agence,General,Information reçue.,,
localisation agence,localisation_agence,General,Votre demande est prise en compte.,,
localisation agence,localisation_agence,General,Merci pour votre message.,,
Agence la plus proche,localisation_agence,General,Merci pour votre message.,,
où est agence,localisation_agence,General,Merci pour votre message.,,
où est agence,localisation_agence,General,Nous allons vous aider.,,
Localisation agence,localisation_agence,General,Votre demande est prise en compte.,,
Localisation agence svp,localisation_agence,General,Nous allons vous aider.,,
Agence la plus proche,localisation_agence,General,Information reçue.,,
Hmmm Agence la plus proche,localisation_agence,General,Merci pour votre message.,,
Où est agence svp,localisation_agence,General,Votre demande est prise en compte.,,
Hmmm Localisation agence,localisation_agence,General,Votre demande est prise en compte.,,
agence la plus proche,localisation_agence,General,Merci pour votre message.,,
localisation agence,localisation_agence,General,Votre demande est prise en compte.,,
Hmmm Agence la plus proche,localisation_agence,General,Votre demande est prise en compte.,,
Hmmm Agence la plus proche,localisation_agence,General,Nous allons vous aider.,,
localisation agence,localisation_agence,General,Votre demande est prise en compte.,,
Où est agence,localisation_agence,General,Information reçue.,,
Agence la plus proche svp,localisation_agence,General,Nous allons vous aider.,,
Localisation agence à Agoè,localisation_agence,General,Votre demande est prise en compte.,,lieu=Agoè
localisation agence,localisation_agence,General,Votre demande est prise en compte.,,
Hmmm Localisation agence,localisation_agence,General,Votre demande est prise en compte.,,
agence la plus proche,localisation_agence,General,Information reçue.,,
agence la plus proche,localisation_agence,General,Merci pour votre message.,,
Agence la plus proche,localisation_agence,General,Votre demande est prise en compte.,,
Hmmm Localisation agence,localisation_agence,General,Nous allons vous aider.,,
Où est agence à Adidogomé,localisation_agence,General,Merci pour votre message.,,lieu=Adidogomé
localisation agence,localisation_agence,General,Votre demande est prise en compte.,,
Agence la plus proche,localisation_agence,General,Nous allons vous aider.,,
agence la plus proche,localisation_agence,General,Nous allons vous aider.,,
Localisation agence svp,localisation_agence,General,Information reçue.,,
Hmmm Localisation agence,localisation_agence,General,Votre demande est prise en compte.,,
Hmmm Agence la plus proche,localisation_agence,General,Information reçue.,,
Agence la plus proche svp,localisation_agence,General,Nous allons vous aider.,,
agence la plus proche,localisation_agence,General,Votre demande est prise en compte.,,
Agence la plus proche à Aného,localisation_agence,General,Information reçue.,,lieu=Aného
Agence la plus proche svp,localisation_agence,General,Votre demande est prise en compte.,,
localisation agence,localisation_agence,General,Votre demande est prise en compte.,,
Horaires agence à Lomé,horaires_agence,General,Nous allons vous aider.,,lieu=Lomé
Horaires agence svp,horaires_agence,General,Nous allons vous aider.,,
Heures ouverture svp,horaires_agence,General,Votre demande est prise en compte.,,
Heures ouverture,horaires_agence,General,Votre demande est prise en compte.,,
Quand ouvert svp,horaires_agence,General,Votre demande est prise en compte.,,
Quand ouvert,horaires_agence,General,Merci pour votre message.,,
Hmmm Quand ouvert,horaires_agence,General,Votre demande est prise en compte.,,
heures ouverture,horaires_agence,General,Nous allons vous aider.,,
Hmmm Quand ouvert,horaires_agence,General,Nous allons vous aider.,,
horaires agence,horaires_agence,General,Votre demande est prise en compte.,,
Heures ouverture à Lomé,horaires_agence,General,Merci pour votre message.,,lieu=Lomé
Hmmm Quand ouvert,horaires_agence,General,Merci pour votre message.,,
Heures ouverture,horaires_agence,General,Merci pour votre message.,,
Quand ouvert svp,horaires_agence,General,Nous allons vous aider.,,
Quand ouvert,horaires_agence,General,Nous allons vous aider.,,
heures ouverture,horaires_agence,General,Nous allons vous aider.,,
Horaires agence svp,horaires_agence,General,Merci pour votre message.,,
Quand ouvert,horaires_agence,General,Information reçue.,,
Horaires agence svp,horaires_agence,General,Nous allons vous aider.,,
heures ouverture,horaires_agence,General,Votre demande est prise en compte.,,
Quand ouvert,horaires_agence,General,Information reçue.,,
Quand ouvert à Aného,horaires_agence,General,Merci pour votre message.,,lieu=Aného
Quand ouvert svp,horaires_agence,General,Votre demande est prise en compte.,,
Quand ouvert à Kegue,horaires_agence,General,Information reçue.,,lieu=Kegue
horaires agence,horaires_agence,General,Information reçue.,,
Quand ouvert à Adidogomé,horaires_agence,General,Information reçue.,,lieu=Adidogomé
Hmmm Quand ouvert,horaires_agence,General,Merci pour votre message.,,
Quand ouvert svp,horaires_agence,General,Merci pour votre message.,,
Hmmm Quand ouvert,horaires_agence,General,Nous allons vous aider.,,
Hmmm Quand ouvert,horaires_agence,General,Nous allons vous aider.,,
Quand ouvert à Kegue,horaires_agence,General,Nous allons vous aider.,,lieu=Kegue
Horaires agence à Tsévié,horaires_agence,General,Nous allons vous aider.,,lieu=Tsévié
Heures ouverture à Aného,horaires_agence,General,Merci pour votre message.,,lieu=Aného
Heures ouverture,horaires_agence,General,Votre demande est prise en compte.,,
Horaires agence à Adidogomé,horaires_agence,General,Merci pour votre message.,,lieu=Adidogomé
Hmmm Heures ouverture,horaires_agence,General,Nous allons vous aider.,,
horaires agence,horaires_agence,General,Merci pour votre message.,,
Horaires agence à Kegue,horaires_agence,General,Nous allons vous aider.,,lieu=Kegue
Quand ouvert,horaires_agence,General,Merci pour votre message.,,
Quand ouvert à Tsévié,horaires_agence,General,Information reçue.,,lieu=Tsévié
quand ouvert,horaires_agence,General,Merci pour votre message.,,
horaires agence,horaires_agence,General,Nous allons vous aider.,,
Quand ouvert,horaires_agence,General,Information reçue.,,
Quand ouvert svp,horaires_agence,General,Information reçue.,,
quand ouvert,horaires_agence,General,Nous allons vous aider.,,
Heures ouverture,horaires_agence,General,Merci pour votre message.,,
Quand ouvert svp,horaires_agence,General,Nous allons vous aider.,,
Horaires agence,horaires_agence,General,Merci pour votre message.,,
Heures ouverture svp,horaires_agence,General,Information reçue.,,
heures ouverture,horaires_agence,General,Nous allons vous aider.,,
Quand ouvert à Kegue,horaires_agence,General,Votre demande est prise en compte.,,lieu=Kegue
Hmmm Quand ouvert,horaires_agence,General,Information reçue.,,
Quand ouvert,horaires_agence,General,Nous allons vous aider.,,
Quand ouvert svp,horaires_agence,General,Votre demande est prise en compte.,,
Heures ouverture,horaires_agence,General,Nous allons vous aider.,,
Quand ouvert à Adidogomé,horaires_agence,General,Votre demande est prise en compte.,,lieu=Adidogomé
horaires agence,horaires_agence,General,Information reçue.,,
Heures ouverture svp,horaires_agence,General,Merci pour votre message.,,
Quand ouvert,horaires_agence,General,Merci pour votre message.,,
quand ouvert,horaires_agence,General,Nous allons vous aider.,,
Heures ouverture à Agoè,horaires_agence,General,Votre demande est prise en compte.,,lieu=Agoè
Quand ouvert svp,horaires_agence,General,Merci pour votre message.,,
Hmmm Quand ouvert,horaires_agence,General,Votre demande est prise en compte.,,
Heures ouverture à Aného,horaires_agence,General,Nous allons vous aider.,,lieu=Aného
heures ouverture,horaires_agence,General,Nous allons vous aider.,,
Hmmm Quand ouvert,horaires_agence,General,Nous allons vous aider.,,
Hmmm Quand ouvert,horaires_agence,General,Votre demande est prise en compte.,,
Horaires agence svp,horaires_agence,General,Information reçue.,,
Horaires agence à Agoè,horaires_agence,General,Merci pour votre message.,,lieu=Agoè
horaires agence,horaires_agence,General,Votre demande est prise en compte.,,
Téléphone service svp,contact_service,General,Nous allons vous aider.,,
Téléphone service svp,contact_service,General,Nous allons vous aider.,,
contacter tde,contact_service,General,Nous allons vous aider.,,
Numéro service,contact_service,General,Information reçue.,,
contacter tde,contact_service,General,Merci pour votre message.,,
Téléphone service,contact_service,General,Nous allons vous aider.,,
Téléphone service,contact_service,General,Nous allons vous aider.,,
numéro service,contact_service,General,Votre demande est prise en compte.,,
téléphone service,contact_service,General,Nous allons vous aider.,,
contacter tde,contact_service,General,Information reçue.,,
Contacter TDE à Lomé,contact_service,General,Nous allons vous aider.,,lieu=Lomé
Téléphone service à Lomé,contact_service,General,Votre demande est prise en compte.,,lieu=Lomé
Contacter TDE,contact_service,General,Merci pour votre message.,,
Hmmm Numéro service,contact_service,General,Nous allons vous aider.,,
Téléphone service svp,contact_service,General,Merci pour votre message.,,
Numéro service,contact_service,General,Merci pour votre message.,,
Hmmm Contacter TDE,contact_service,General,Votre demande est prise en compte.,,
Numéro service à Tsévié,contact_service,General,Votre demande est prise en compte.,,lieu=Tsévié
contacter tde,contact_service,General,Merci pour votre message.,,
Hmmm Téléphone service,contact_service,General,Votre demande est prise en compte.,,
Téléphone service,contact_service,General,Merci pour votre message.,,
Contacter TDE svp,contact_service,General,Nous allons vous aider.,,
Numéro service,contact_service,General,Nous allons vous aider.,,
Téléphone service,contact_service,General,Nous allons vous aider.,,
Hmmm Numéro service,contact_service,General,Nous allons vous aider.,,
numéro service,contact_service,General,Merci pour votre message.,,
Téléphone service,contact_service,General,Votre demande est prise en compte.,,
Numéro service svp,contact_service,General,Information reçue.,,
Numéro service,contact_service,General,Nous allons vous aider.,,
Téléphone service à Tsévié,contact_service,General,Merci pour votre message.,,lieu=Tsévié
Téléphone service à Kegue,contact_service,General,Votre demande est prise en compte.,,lieu=Kegue
Hmmm Contacter TDE,contact_service,General,Information reçue.,,
Hmmm Téléphone service,contact_service,General,Information reçue.,,
Numéro service à Lomé,contact_service,General,Information reçue.,,lieu=Lomé
téléphone service,contact_service,General,Nous allons vous aider.,,
Hmmm Numéro service,contact_service,General,Votre demande est prise en compte.,,
Contacter TDE,contact_service,General,Merci pour votre message.,,
Numéro service,contact_service,General,Nous allons vous aider.,,
Téléphone service svp,contact_service,General,Nous allons vous aider.,,
Numéro service à Kegue,contact_service,General,Information reçue.,,lieu=Kegue
Hmmm Téléphone service,contact_service,General,Nous allons vous aider.,,
téléphone service,contact_service,General,Nous allons vous aider.,,
téléphone service,contact_service,General,Votre demande est prise en compte.,,
Téléphone service svp,contact_service,General,Merci pour votre message.,,
Numéro service à Lomé,contact_service,General,Votre demande est prise en compte.,,lieu=Lomé
contacter tde,contact_service,General,Information reçue.,,
Contacter TDE svp,contact_service,General,Information reçue.,,
Numéro service svp,contact_service,General,Votre demande est prise en compte.,,
numéro service,contact_service,General,Merci pour votre message.,,
Contacter TDE svp,contact_service,General,Votre demande est prise en compte.,,
Téléphone service svp,contact_service,General,Merci pour votre message.,,
téléphone service,contact_service,General,Votre demande est prise en compte.,,
Contacter TDE svp,contact_service,General,Nous allons vous aider.,,
Numéro service svp,contact_service,General,Merci pour votre message.,,
Téléphone service à Adidogomé,contact_service,General,Information reçue.,,lieu=Adidogomé
Contacter TDE,contact_service,General,Information reçue.,,
Hmmm Téléphone service,contact_service,General,Votre demande est prise en compte.,,
Téléphone service,contact_service,General,Information reçue.,,
Téléphone service à Tsévié,contact_service,General,Information reçue.,,lieu=Tsévié
Contacter TDE à Aného,contact_service,General,Votre demande est prise en compte.,,lieu=Aného
Contacter TDE,contact_service,General,Merci pour votre message.,,
Contacter TDE à Aného,contact_service,General,Information reçue.,,lieu=Aného
Téléphone service,contact_service,General,Nous allons vous aider.,,
Hmmm Téléphone service,contact_service,General,Nous allons vous aider.,,
contacter tde,contact_service,General,Information reçue.,,
Hmmm Numéro service,contact_service,General,Nous allons vous aider.,,
Téléphone service,contact_service,General,Information reçue.,,
Hmmm Téléphone service,contact_service,General,Nous allons vous aider.,,
Téléphone service à Tsévié,contact_service,General,Merci pour votre message.,,lieu=Tsévié
Numéro service,contact_service,General,Merci pour votre message.,,
allô,salutation,General,Merci pour votre message.,,
Hmmm Hello,salutation,General,Nous allons vous aider.,,
Hello à Tsévié,salutation,General,Information reçue.,,lieu=Tsévié
Bonjour,salutation,General,Votre demande est prise en compte.,,
Hmmm Salut,salutation,General,Votre demande est prise en compte.,,
Allô à Tsévié,salutation,General,Votre demande est prise en compte.,,lieu=Tsévié
salut,salutation,General,Merci pour votre message.,,
Salut,salutation,General,Votre demande est prise en compte.,,
Allô à Agoè,salutation,General,Votre demande est prise en compte.,,lieu=Agoè
allô,salutation,General,Information reçue.,,
Hello,salutation,General,Information reçue.,,
Hmmm Hello,salutation,General,Nous allons vous aider.,,
Hello svp,salutation,General,Information reçue.,,
Allô à Aného,salutation,General,Merci pour votre message.,,lieu=Aného
Bonjour à Aného,salutation,General,Votre demande est prise en compte.,,lieu=Aného
Hello svp,salutation,General,Nous allons vous aider.,,
hello,salutation,General,Nous allons vous aider.,,
Hello à Lomé,salutation,General,Votre demande est prise en compte.,,lieu=Lomé
Hmmm Hello,salutation,General,Nous allons vous aider.,,
allô,salutation,General,Nous allons vous aider.,,
Allô à Tsévié,salutation,General,Votre demande est prise en compte.,,lieu=Tsévié
Bonjour à Tsévié,salutation,General,Information reçue.,,lieu=Tsévié
hello,salutation,General,Information reçue.,,
Hmmm Hello,salutation,General,Votre demande est prise en compte.,,
Salut svp,salutation,General,Nous allons vous aider.,,
Allô svp,salutation,General,Merci pour votre message.,,
salut,salutation,General,Information reçue.,,
Bonjour,salutation,General,Nous allons vous aider.,,
Salut svp,salutation,General,Nous allons vous aider.,,
Hmmm Hello,salutation,General,Nous allons vous aider.,,
Allô svp,salutation,General,Votre demande est prise en compte.,,
hello,salutation,General,Merci pour votre message.,,
Hello svp,salutation,General,Votre demande est prise en compte.,,
Hmmm Hello,salutation,General,Nous allons vous aider.,,
Allô svp,salutation,General,Nous allons vous aider.,,
Allô svp,salutation,General,Merci pour votre message.,,
Hmmm Allô,salutation,General,Votre demande est prise en compte.,,
Hmmm Salut,salutation,General,Merci pour votre message.,,
Salut,salutation,General,Merci pour votre message.,,
Allô,salutation,General,Merci pour votre message.,,
Bonjour svp,salutation,General,Nous allons vous aider.,,
allô,salutation,General,Nous allons vous aider.,,
Bonjour,salutation,General,Nous allons vous aider.,,
hello,salutation,General,Votre demande est prise en compte.,,
Salut,salutation,General,Votre demande est prise en compte.,,
Hmmm Hello,salutation,General,Information reçue.,,
Hello,salutation,General,Nous allons vous aider.,,
Bonjour,salutation,General,Nous allons vous aider.,,
Salut svp,salutation,General,Information reçue.,,
Bonjour à Tsévié,salutation,General,Nous allons vous aider.,,lieu=Tsévié
Allô,salutation,General,Information reçue.,,
Hmmm Salut,salutation,General,Votre demande est prise en compte.,,
bonjour,salutation,General,Votre demande est prise en compte.,,
Hmmm Allô,salutation,General,Votre demande est prise en compte.,,
Bonjour svp,salutation,General,Information reçue.,,
Bonjour à Aného,salutation,General,Nous allons vous aider.,,lieu=Aného
Allô à Aného,salutation,General,Information reçue.,,lieu=Aného
Allô svp,salutation,General,Information reçue.,,
Salut svp,salutation,General,Merci pour votre message.,,
allô,salutation,General,Nous allons vous aider.,,
Allô,salutation,General,Information reçue.,,
Bonjour à Agoè,salutation,General,Merci pour votre message.,,lieu=Agoè
Salut svp,salutation,General,Votre demande est prise en compte.,,
Salut,salutation,General,Information reçue.,,
Salut,salutation,General,Nous allons vous aider.,,
Allô,salutation,General,Nous allons vous aider.,,
Hmmm Bonjour,salutation,General,Nous allons vous aider.,,
allô,salutation,General,Nous allons vous aider.,,
Hmmm Hello,salutation,General,Merci pour votre message.,,
bonjour,salutation,General,Nous allons vous aider.,,
Merci beaucoup svp,remerciement,General,Nous allons vous aider.,,
Merci à Tsévié,remerciement,General,Merci pour votre message.,,lieu=Tsévié
Thanks,remerciement,General,Votre demande est prise en compte.,,
Hmmm Merci beaucoup,remerciement,General,Nous allons vous aider.,,
Thanks,remerciement,General,Nous allons vous aider.,,
Merci beaucoup à Kegue,remerciement,General,Information reçue.,,lieu=Kegue
thanks,remerciement,General,Votre demande est prise en compte.,,
Thanks,remerciement,General,Votre demande est prise en compte.,,
Merci svp,remerciement,General,Votre demande est prise en compte.,,
Merci svp,remerciement,General,Nous allons vous aider.,,
merci,remerciement,General,Votre demande est prise en compte.,,
thanks,remerciement,General,Nous allons vous aider.,,
merci beaucoup,remerciement,General,Merci pour votre message.,,
Thanks svp,remerciement,General,Information reçue.,,
merci,remerciement,General,Votre demande est prise en compte.,,
Thanks svp,remerciement,General,Merci pour votre message.,,
Merci beaucoup svp,remerciement,General,Merci pour votre message.,,
Merci beaucoup svp,remerciement,General,Information reçue.,,
Merci svp,remerciement,General,Merci pour votre message.,,
Thanks à Adidogomé,remerciement,General,Information reçue.,,lieu=Adidogomé
Hmmm Thanks,remerciement,General,Merci pour votre message.,,
Merci beaucoup svp,remerciement,General,Merci pour votre message.,,
Thanks,remerciement,General,Merci pour votre message.,,
Merci svp,remerciement,General,Votre demande est prise en compte.,,
Merci beaucoup à Lomé,remerciement,General,Merci pour votre message.,,lieu=Lomé
Thanks svp,remerciement,General,Votre demande est prise en compte.,,
Merci,remerciement,General,Nous allons vous aider.,,
Merci à Lomé,remerciement,General,Votre demande est prise en compte.,,lieu=Lomé
merci beaucoup,remerciement,General,Votre demande est prise en compte.,,
Thanks à Aného,remerciement,General,Merci pour votre message.,,lieu=Aného
Thanks svp,remerciement,General,Merci pour votre message.,,
Hmmm Merci,remerciement,General,Merci pour votre message.,,
Merci beaucoup,remerciement,General,Nous allons vous aider.,,
Thanks,remerciement,General,Votre demande est prise en compte.,,
Merci,remerciement,General,Merci pour votre message.,,
Merci à Lomé,remerciement,General,Votre demande est prise en compte.,,lieu=Lomé
merci beaucoup,remerciement,General,Information reçue.,,
Hmmm Merci,remerciement,General,Nous allons vous aider.,,
Hmmm Thanks,remerciement,General,Merci pour votre message.,,
thanks,remerciement,General,Information reçue.,,
Merci beaucoup à Tsévié,remerciement,General,Nous allons vous aider.,,lieu=Tsévié
Hmmm Thanks,remerciement,General,Merci pour votre message.,,
Hmmm Merci beaucoup,remerciement,General,Nous allons vous aider.,,
Merci beaucoup svp,remerciement,General,Information reçue.,,
merci,remerciement,General,Votre demande est prise en compte.,,
Thanks,remerciement,General,Information reçue.,,
Hmmm Thanks,remerciement,General,Information reçue.,,
merci beaucoup,remerciement,General,Information reçue.,,
thanks,remerciement,General,Nous allons vous aider.,,
Merci,remerciement,General,Votre demande est prise en compte.,,
Thanks,remerciement,General,Nous allons vous aider.,,
Hmmm Merci beaucoup,remerciement,General,Nous allons vous aider.,,
Merci beaucoup à Lomé,remerciement,General,Information reçue.,,lieu=Lomé
Hmmm Merci,remerciement,General,Merci pour votre message.,,
Merci beaucoup,remerciement,General,Merci pour votre message.,,
Thanks à Kegue,remerciement,General,Votre demande est prise en compte.,,lieu=Kegue
Merci beaucoup à Adidogomé,remerciement,General,Information reçue.,,lieu=Adidogomé
Thanks svp,remerciement,General,Merci pour votre message.,,
Thanks à Adidogomé,remerciement,General,Information reçue.,,lieu=Adidogomé
thanks,remerciement,General,Votre demande est prise en compte.,,
Hmmm Thanks,remerciement,General,Nous allons vous aider.,,
Merci svp,remerciement,General,Votre demande est prise en compte.,,
Merci beaucoup à Kegue,remerciement,General,Merci pour votre message.,,lieu=Kegue
merci,remerciement,General,Information reçue.,,
Thanks,remerciement,General,Votre demande est prise en compte.,,
Thanks,remerciement,General,Merci pour votre message.,,
Hmmm Thanks,remerciement,General,Nous allons vous aider.,,
merci beaucoup,remerciement,General,Nous allons vous aider.,,
Merci beaucoup svp,remerciement,General,Information reçue.,,
Thanks svp,remerciement,General,Merci pour votre message.,,
Hmmm OK,confirmation,General,Nous allons vous aider.,,
D'accord svp,confirmation,General,Votre demande est prise en compte.,,
C'est bon svp,confirmation,General,Nous allons vous aider.,,
C'est bon,confirmation,General,Merci pour votre message.,,
C'est bon à Kegue,confirmation,General,Votre demande est prise en compte.,,lieu=Kegue
C'est bon svp,confirmation,General,Nous allons vous aider.,,
C'est bon svp,confirmation,General,Merci pour votre message.,,
D'accord svp,confirmation,General,Votre demande est prise en compte.,,
D'accord à Adidogomé,confirmation,General,Information reçue.,,lieu=Adidogomé
OK svp,confirmation,General,Merci pour votre message.,,
D'accord svp,confirmation,General,Votre demande est prise en compte.,,
OK à Adidogomé,confirmation,General,Nous allons vous aider.,,lieu=Adidogomé
Hmmm C'est bon,confirmation,General,Information reçue.,,
d'accord,confirmation,General,Votre demande est prise en compte.,,
Hmmm C'est bon,confirmation,General,Merci pour votre message.,,
D'accord svp,confirmation,General,Votre demande est prise en compte.,,
OK à Agoè,confirmation,General,Votre demande est prise en compte.,,lieu=Agoè
OK svp,confirmation,General,Nous allons vous aider.,,
Hmmm C'est bon,confirmation,General,Information reçue.,,
d'accord,confirmation,General,Votre demande est prise en compte.,,
C'est bon à Tsévié,confirmation,General,Merci pour votre message.,,lieu=Tsévié
ok,confirmation,General,Nous allons vous aider.,,
D'accord svp,confirmation,General,Votre demande est prise en compte.,,
ok,confirmation,General,Merci pour votre message.,,
Hmmm D'accord,confirmation,General,Information reçue.,,
c'est bon,confirmation,General,Nous allons vous aider.,,
OK à Tsévié,confirmation,General,Merci pour votre message.,,lieu=Tsévié
c'est bon,confirmation,General,Votre demande est prise en compte.,,
C'est bon à Tsévié,confirmation,General,Nous allons vous aider.,,lieu=Tsévié
c'est bon,confirmation,General,Information reçue.,,
Hmmm OK,confirmation,General,Information reçue.,,
ok,confirmation,General,Votre demande est prise en compte.,,
Hmmm OK,confirmation,General,Votre demande est prise en compte.,,
C'est bon,confirmation,General,Nous allons vous aider.,,
D'accord svp,confirmation,General,Merci pour votre message.,,
D'accord à Aného,confirmation,General,Nous allons vous aider.,,lieu=Aného
Hmmm OK,confirmation,General,Nous allons vous aider.,,
C'est bon svp,confirmation,General,Nous allons vous aider.,,
ok,confirmation,General,Nous allons vous aider.,,
Hmmm OK,confirmation,General,Information reçue.,,
OK,confirmation,General,Votre demande est prise en compte.,,
D'accord svp,confirmation,General,Nous allons vous aider.,,
Hmmm C'est bon,confirmation,General,Information reçue.,,
D'accord svp,confirmation,General,Information reçue.,,
ok,confirmation,General,Merci pour votre message.,,
d'accord,confirmation,General,Nous allons vous aider.,,
Hmmm OK,confirmation,General,Votre demande est prise en compte.,,
OK à Agoè,confirmation,General,Information reçue.,,lieu=Agoè
OK,confirmation,General,Votre demande est prise en compte.,,
ok,confirmation,General,Information reçue.,,
Hmmm C'est bon,confirmation,General,Information reçue.,,
D'accord à Aného,confirmation,General,Nous allons vous aider.,,lieu=Aného
Hmmm OK,confirmation,General,Merci pour votre message.,,
OK svp,confirmation,General,Information reçue.,,
OK,confirmation,General,Merci pour votre message.,,
Hmmm OK,confirmation,General,Information reçue.,,
OK,confirmation,General,Information reçue.,,
Hmmm C'est bon,confirmation,General,Votre demande est prise en compte.,,
Hmmm OK,confirmation,General,Nous allons vous aider.,,
OK à Tsévié,confirmation,General,Votre demande est prise en compte.,,lieu=Tsévié
d'accord,confirmation,General,Nous allons vous aider.,,
Hmmm OK,confirmation,General,Information reçue.,,
C'est bon svp,confirmation,General,Information reçue.,,
C'est bon svp,confirmation,General,Votre demande est prise en compte.,,
Hmmm D'accord,confirmation,General,Nous allons vous aider.,,
C'est bon à Adidogomé,confirmation,General,Information reçue.,,lieu=Adidogomé
Hmmm OK,confirmation,General,Nous allons vous aider.,,
C'est bon à Adidogomé,confirmation,General,Information reçue.,,lieu=Adidogomé
OK,confirmation,General,Information reçue.,,
C'est bon à Tsévié,confirmation,General,Information reçue.,,lieu=Tsévié
Hmmm Film,hors_sujet,Aucun,Information reçue.,,
Hmmm Blague,hors_sujet,Aucun,Nous allons vous aider.,,
Hmmm Score match,hors_sujet,Aucun,Merci pour votre message.,,
film,hors_sujet,Aucun,Information reçue.,,
Blague à Agoè,hors_sujet,Aucun,Votre demande est prise en compte.,,lieu=Agoè
Hmmm Film,hors_sujet,Aucun,Information reçue.,,
Score match svp,hors_sujet,Aucun,Nous allons vous aider.,,
Film,hors_sujet,Aucun,Merci pour votre message.,,
Score match,hors_sujet,Aucun,Votre demande est prise en compte.,,
score match,hors_sujet,Aucun,Votre demande est prise en compte.,,
Film,hors_sujet,Aucun,Information reçue.,,
Hmmm Blague,hors_sujet,Aucun,Merci pour votre message.,,
Score match,hors_sujet,Aucun,Votre demande est prise en compte.,,
Score match à Aného,hors_sujet,Aucun,Merci pour votre message.,,lieu=Aného
Score match svp,hors_sujet,Aucun,Votre demande est prise en compte.,,
Hmmm Film,hors_sujet,Aucun,Merci pour votre message.,,
Blague svp,hors_sujet,Aucun,Votre demande est prise en compte.,,
Film,hors_sujet,Aucun,Merci pour votre message.,,
Blague à Lomé,hors_sujet,Aucun,Merci pour votre message.,,lieu=Lomé
Score match à Kegue,hors_sujet,Aucun,Merci pour votre message.,,lieu=Kegue
Score match à Adidogomé,hors_sujet,Aucun,Votre demande est prise en compte.,,lieu=Adidogomé
Hmmm Film,hors_sujet,Aucun,Votre demande est prise en compte.,,
Hmmm Film,hors_sujet,Aucun,Merci pour votre message.,,
Score match svp,hors_sujet,Aucun,Merci pour votre message.,,
Hmmm Score match,hors_sujet,Aucun,Nous allons vous aider.,,
Hmmm Blague,hors_sujet,Aucun,Information reçue.,,
Film svp,hors_sujet,Aucun,Merci pour votre message.,,
Blague svp,hors_sujet,Aucun,Merci pour votre message.,,
score match,hors_sujet,Aucun,Votre demande est prise en compte.,,
Film à Adidogomé,hors_sujet,Aucun,Merci pour votre message.,,lieu=Adidogomé
Score match,hors_sujet,Aucun,Votre demande est prise en compte.,,
Blague svp,hors_sujet,Aucun,Merci pour votre message.,,
Score match,hors_sujet,Aucun,Information reçue.,,
Film à Adidogomé,hors_sujet,Aucun,Merci pour votre message.,,lieu=Adidogomé
Film à Aného,hors_sujet,Aucun,Nous allons vous aider.,,lieu=Aného
score match,hors_sujet,Aucun,Nous allons vous aider.,,
Blague svp,hors_sujet,Aucun,Votre demande est prise en compte.,,
Blague,hors_sujet,Aucun,Merci pour votre message.,,
Film,hors_sujet,Aucun,Merci pour votre message.,,
Blague à Kegue,hors_sujet,Aucun,Information reçue.,,lieu=Kegue
film,hors_sujet,Aucun,Merci pour votre message.,,
Hmmm Score match,hors_sujet,Aucun,Votre demande est prise en compte.,,
Blague svp,hors_sujet,Aucun,Merci pour votre message.,,
Film svp,hors_sujet,Aucun,Information reçue.,,
Blague,hors_sujet,Aucun,Votre demande est prise en compte.,,
Film,hors_sujet,Aucun,Votre demande est prise en compte.,,
Score match,hors_sujet,Aucun,Nous allons vous aider.,,
Blague,hors_sujet,Aucun,Nous allons vous aider.,,
Blague à Agoè,hors_sujet,Aucun,Merci pour votre message.,,lieu=Agoè
Hmmm Film,hors_sujet,Aucun,Merci pour votre message.,,
Blague svp,hors_sujet,Aucun,Merci pour votre message.,,
film,hors_sujet,Aucun,Information reçue.,,
film,hors_sujet,Aucun,Information reçue.,,
Blague à Kegue,hors_sujet,Aucun,Merci pour votre message.,,lieu=Kegue
Film,hors_sujet,Aucun,Merci pour votre message.,,
blague,hors_sujet,Aucun,Information reçue.,,
Film,hors_sujet,Aucun,Information reçue.,,
Film à Kegue,hors_sujet,Aucun,Nous allons vous aider.,,lieu=Kegue
Hmmm Score match,hors_sujet,Aucun,Information reçue.,,
Blague à Tsévié,hors_sujet,Aucun,Merci pour votre message.,,lieu=Tsévié
blague,hors_sujet,Aucun,Merci pour votre message.,,
score match,hors_sujet,Aucun,Merci pour votre message.,,
Film à Kegue,hors_sujet,Aucun,Votre demande est prise en compte.,,lieu=Kegue
Hmmm Film,hors_sujet,Aucun,Nous allons vous aider.,,
Film à Tsévié,hors_sujet,Aucun,Nous allons vous aider.,,lieu=Tsévié
Film,hors_sujet,Aucun,Votre demande est prise en compte.,,
blague,hors_sujet,Aucun,Merci pour votre message.,,
Film à Lomé,hors_sujet,Aucun,Votre demande est prise en compte.,,lieu=Lomé
score match,hors_sujet,Aucun,Merci pour votre message.,,
Film,hors_sujet,Aucun,Nous allons vous aider.,,
Je comprends pas svp,incomprehension,Aucun,Information reçue.,,
explique encore,incomprehension,Aucun,Votre demande est prise en compte.,,
Hmmm Pas clair,incomprehension,Aucun,Merci pour votre message.,,
Hmmm Pas clair,incomprehension,Aucun,Votre demande est prise en compte.,,
Explique encore svp,incomprehension,Aucun,Nous allons vous aider.,,
Explique encore à Agoè,incomprehension,Aucun,Votre demande est prise en compte.,,lieu=Agoè
Pas clair svp,incomprehension,Aucun,Merci pour votre message.,,
Je comprends pas à Kegue,incomprehension,Aucun,Merci pour votre message.,,lieu=Kegue
pas clair,incomprehension,Aucun,Merci pour votre message.,,
Pas clair svp,incomprehension,Aucun,Nous allons vous aider.,,
Explique encore,incomprehension,Aucun,Merci pour votre message.,,
Hmmm Explique encore,incomprehension,Aucun,Information reçue.,,
Je comprends pas svp,incomprehension,Aucun,Votre demande est prise en compte.,,
Pas clair svp,incomprehension,Aucun,Nous allons vous aider.,,
Pas clair,incomprehension,Aucun,Information reçue.,,
explique encore,incomprehension,Aucun,Information reçue.,,
Pas clair à Kegue,incomprehension,Aucun,Nous allons vous aider.,,lieu=Kegue
Hmmm Pas clair,incomprehension,Aucun,Votre demande est prise en compte.,,
je comprends pas,incomprehension,Aucun,Merci pour votre message.,,
Pas clair svp,incomprehension,Aucun,Votre demande est prise en compte.,,
Pas clair à Lomé,incomprehension,Aucun,Votre demande est prise en compte.,,lieu=Lomé
Explique encore,incomprehension,Aucun,Merci pour votre message.,,
pas clair,incomprehension,Aucun,Votre demande est prise en compte.,,
pas clair,incomprehension,Aucun,Merci pour votre message.,,
Explique encore à Kegue,incomprehension,Aucun,Nous allons vous aider.,,lieu=Kegue
pas clair,incomprehension,Aucun,Merci pour votre message.,,
Pas clair,incomprehension,Aucun,Nous allons vous aider.,,
Explique encore,incomprehension,Aucun,Votre demande est prise en compte.,,
pas clair,incomprehension,Aucun,Merci pour votre message.,,
Hmmm Pas clair,incomprehension,Aucun,Nous allons vous aider.,,
Je comprends pas à Lomé,incomprehension,Aucun,Information reçue.,,lieu=Lomé
pas clair,incomprehension,Aucun,Information reçue.,,
Explique encore svp,incomprehension,Aucun,Votre demande est prise en compte.,,
je comprends pas,incomprehension,Aucun,Merci pour votre message.,,
Pas clair svp,incomprehension,Aucun,Merci pour votre message.,,
explique encore,incomprehension,Aucun,Merci pour votre message.,,
Hmmm Pas clair,incomprehension,Aucun,Merci pour votre message.,,
je comprends pas,incomprehension,Aucun,Votre demande est prise en compte.,,
Je comprends pas svp,incomprehension,Aucun,Information reçue.,,
Pas clair à Kegue,incomprehension,Aucun,Nous allons vous aider.,,lieu=Kegue
explique encore,incomprehension,Aucun,Information reçue.,,
Hmmm Pas clair,incomprehension,Aucun,Merci pour votre message.,,
Pas clair,incomprehension,Aucun,Nous allons vous aider.,,
Hmmm Pas clair,incomprehension,Aucun,Information reçue.,,
Je comprends pas svp,incomprehension,Aucun,Merci pour votre message.,,
Explique encore,incomprehension,Aucun,Information reçue.,,
Je comprends pas,incomprehension,Aucun,Merci pour votre message.,,
je comprends pas,incomprehension,Aucun,Merci pour votre message.,,
Explique encore à Tsévié,incomprehension,Aucun,Votre demande est prise en compte.,,lieu=Tsévié
Pas clair,incomprehension,Aucun,Merci pour votre message.,,
Hmmm Je comprends pas,incomprehension,Aucun,Votre demande est prise en compte.,,
pas clair,incomprehension,Aucun,Nous allons vous aider.,,
Pas clair svp,incomprehension,Aucun,Votre demande est prise en compte.,,
Explique encore svp,incomprehension,Aucun,Merci pour votre message.,,
explique encore,incomprehension,Aucun,Nous allons vous aider.,,
Hmmm Explique encore,incomprehension,Aucun,Merci pour votre message.,,
Explique encore à Adidogomé,incomprehension,Aucun,Votre demande est prise en compte.,,lieu=Adidogomé
Explique encore,incomprehension,Aucun,Nous allons vous aider.,,
Explique encore svp,incomprehension,Aucun,Merci pour votre message.,,
Explique encore à Adidogomé,incomprehension,Aucun,Votre demande est prise en compte.,,lieu=Adidogomé
Pas clair à Lomé,incomprehension,Aucun,Votre demande est prise en compte.,,lieu=Lomé
Hmmm Pas clair,incomprehension,Aucun,Votre demande est prise en compte.,,
pas clair,incomprehension,Aucun,Votre demande est prise en compte.,,
Hmmm Pas clair,incomprehension,Aucun,Information reçue.,,
Hmmm Je comprends pas,incomprehension,Aucun,Information reçue.,,
Hmmm Je comprends pas,incomprehension,Aucun,Votre demande est prise en compte.,,
Pas clair svp,incomprehension,Aucun,Votre demande est prise en compte.,,
Je comprends pas à Kegue,incomprehension,Aucun,Information reçue.,,lieu=Kegue
Hmmm Je comprends pas,incomprehension,Aucun,Nous allons vous aider.,,
Pas clair,incomprehension,Aucun,Information reçue.,,
